Workbook

Sheet Log
A1: Log
A2: Hole ID | B2: Planned Hole ID | C2: Pit | D2: Sub Pit | E2: Coordinate System | F2: Planned collar X (m) | G2: Planned collar Y (m) | H2: Planned collar Z (m) | I2: Planned collar trend (°) | J2: Planned collar plunge (°) | K2: Planned length (m) | L2: Surveyed collar X - East (m) | M2: Surveyed collar Y - North (m) | N2: Surveyed collar Z (m) | O2: Collar Trend (°) | P2: Collar Plunge (°) | Q2: Logged depth from (m) | R2: Logged depth to (m) | S2: Logged Length (m) | T2: Core size | U2: Logged date | V2: Logged by | W2: Oriented core | X2: Orientation marker | Y2: Comments
A3: COG-25-08 | B3: CGF-01 | C3: Courvan Nord Bussière | F3: 311130 | G3: 5334390 | H3: 322.9 | I3: 169.9 | J3: -56 | K3: 183 | S3: =Data_Log[[#This Row],[Logged depth to (m)]]-Data_Log[[#This Row],[Logged depth from (m)]] -> 0 | T3: HQ
A4: COG-25-10 | B4: CGF-02 | C4: Courvan Nord Bussière | F4: 311005 | G4: 5334645 | H4: 316.1 | I4: 45 | J4: -70 | K4: 150 | S4: =Data_Log[[#This Row],[Logged depth to (m)]]-Data_Log[[#This Row],[Logged depth from (m)]] -> 0 | T4: HQ
A5: COG-25-11 | B5: CGF-03 | C5: Courvan Nord Bussière | F5: 310913 | G5: 5334584 | H5: 315.6 | I5: 225 | J5: -70 | K5: 150 | S5: =Data_Log[[#This Row],[Logged depth to (m)]]-Data_Log[[#This Row],[Logged depth from (m)]] -> 0 | T5: HQ
A6: COG-25-09 | B6: CGF-04 | C6: Courvan Nord Bussière | F6: 311203 | G6: 5334518 | H6: 321.6 | I6: 100 | J6: -56 | K6: 115 | S6: =Data_Log[[#This Row],[Logged depth to (m)]]-Data_Log[[#This Row],[Logged depth from (m)]] -> 0 | T6: HQ
A7: COG-25-12 | B7: CGF-05 | C7: Courvan Nord Creek Zone | F7: 310894 | G7: 5335177 | H7: 308.3 | I7: 11 | J7: -60 | K7: 120 | S7: =Data_Log[[#This Row],[Logged depth to (m)]]-Data_Log[[#This Row],[Logged depth from (m)]] -> 0 | T7: HQ
A8: CGF-06 | B8: CGF-06 - Annulé | S8: =Data_Log[[#This Row],[Logged depth to (m)]]-Data_Log[[#This Row],[Logged depth from (m)]] -> 0 | T8: HQ
A9: COG-25-07 | B9: CGF-07 | C9: Courvan South | F9: 310428 | G9: 5333627 | H9: 331.7 | I9: 355 | J9: -75 | K9: 300 | S9: =Data_Log[[#This Row],[Logged depth to (m)]]-Data_Log[[#This Row],[Logged depth from (m)]] -> 0 | T9: HQ
A10: COG-25-06 | B10: CGF-08 | C10: Courvan South | F10: 310438 | G10: 5333481 | H10: 333.8 | I10: 180 | J10: -75 | K10: 135 | S10: =Data_Log[[#This Row],[Logged depth to (m)]]-Data_Log[[#This Row],[Logged depth from (m)]] -> 0 | T10: HQ
S11: =Data_Log[[#This Row],[Logged depth to (m)]]-Data_Log[[#This Row],[Logged depth from (m)]] -> 0
S12: =Data_Log[[#This Row],[Logged depth to (m)]]-Data_Log[[#This Row],[Logged depth from (m)]] -> 0
S13: =Data_Log[[#This Row],[Logged depth to (m)]]-Data_Log[[#This Row],[Logged depth from (m)]] -> 0
S14: =Data_Log[[#This Row],[Logged depth to (m)]]-Data_Log[[#This Row],[Logged depth from (m)]] -> 0
S15: =Data_Log[[#This Row],[Logged depth to (m)]]-Data_Log[[#This Row],[Logged depth from (m)]] -> 0
S16: =Data_Log[[#This Row],[Logged depth to (m)]]-Data_Log[[#This Row],[Logged depth from (m)]] -> 0
S17: =Data_Log[[#This Row],[Logged depth to (m)]]-Data_Log[[#This Row],[Logged depth from (m)]] -> 0
S18: =Data_Log[[#This Row],[Logged depth to (m)]]-Data_Log[[#This Row],[Logged depth from (m)]] -> 0
S19: =Data_Log[[#This Row],[Logged depth to (m)]]-Data_Log[[#This Row],[Logged depth from (m)]] -> 0
S20: =Data_Log[[#This Row],[Logged depth to (m)]]-Data_Log[[#This Row],[Logged depth from (m)]] -> 0
S21: =Data_Log[[#This Row],[Logged depth to (m)]]-Data_Log[[#This Row],[Logged depth from (m)]] -> 0
S22: =Data_Log[[#This Row],[Logged depth to (m)]]-Data_Log[[#This Row],[Logged depth from (m)]] -> 0
... S38: =Data_Log[[#This Row],[Logged depth to (m)]]-Data_Log[[#This Row],[Logged depth from (m)]] -> 0

Sheet Survey
A1: Survey
A3: Hole ID | B3: Planned Hole ID | C3: Depth (m) | D3: Dip (deg) | E3: Azimuth (deg) | F3: Comments | G3: QA/QC Dip Planned | H3: QA/QC Azimut Planned | I3: Dip Planned - Surveyed | J3: Azimut Planned - Surveyed2
B4: =VLOOKUP(Tableau26[[#This Row],[Hole ID]],Data_Log[],2,FALSE) -> #N/A | G4: =_xlfn.XLOOKUP(Tableau26[[#This Row],[Hole ID]],Data_Log[Hole ID],Data_Log[Planned collar plunge (°)]) -> 0 | H4: =_xlfn.XLOOKUP(Tableau26[[#This Row],[Hole ID]],Data_Log[Hole ID],Data_Log[Planned collar trend (°)]) -> 0 | I4: =Tableau26[[#This Row],[Dip (deg)]]-Tableau26[[#This Row],[QA/QC Dip Planned]] -> 0 | J4: =Tableau26[[#This Row],[Azimuth (deg)]]-Tableau26[[#This Row],[QA/QC Azimut Planned]] -> 0
B5: =VLOOKUP(Tableau26[[#This Row],[Hole ID]],Data_Log[],2,FALSE) -> #N/A | G5: =_xlfn.XLOOKUP(Tableau26[[#This Row],[Hole ID]],Data_Log[Hole ID],Data_Log[Planned collar plunge (°)]) -> 0 | H5: =_xlfn.XLOOKUP(Tableau26[[#This Row],[Hole ID]],Data_Log[Hole ID],Data_Log[Planned collar trend (°)]) -> 0 | I5: =Tableau26[[#This Row],[Dip (deg)]]-Tableau26[[#This Row],[QA/QC Dip Planned]] -> 0 | J5: =Tableau26[[#This Row],[Azimuth (deg)]]-Tableau26[[#This Row],[QA/QC Azimut Planned]] -> 0
B6: =VLOOKUP(Tableau26[[#This Row],[Hole ID]],Data_Log[],2,FALSE) -> #N/A | G6: =_xlfn.XLOOKUP(Tableau26[[#This Row],[Hole ID]],Data_Log[Hole ID],Data_Log[Planned collar plunge (°)]) -> 0 | H6: =_xlfn.XLOOKUP(Tableau26[[#This Row],[Hole ID]],Data_Log[Hole ID],Data_Log[Planned collar trend (°)]) -> 0 | I6: =Tableau26[[#This Row],[Dip (deg)]]-Tableau26[[#This Row],[QA/QC Dip Planned]] -> 0 | J6: =Tableau26[[#This Row],[Azimuth (deg)]]-Tableau26[[#This Row],[QA/QC Azimut Planned]] -> 0
B7: =VLOOKUP(Tableau26[[#This Row],[Hole ID]],Data_Log[],2,FALSE) -> #N/A | G7: =_xlfn.XLOOKUP(Tableau26[[#This Row],[Hole ID]],Data_Log[Hole ID],Data_Log[Planned collar plunge (°)]) -> 0 | H7: =_xlfn.XLOOKUP(Tableau26[[#This Row],[Hole ID]],Data_Log[Hole ID],Data_Log[Planned collar trend (°)]) -> 0 | I7: =Tableau26[[#This Row],[Dip (deg)]]-Tableau26[[#This Row],[QA/QC Dip Planned]] -> 0 | J7: =Tableau26[[#This Row],[Azimuth (deg)]]-Tableau26[[#This Row],[QA/QC Azimut Planned]] -> 0
B8: =VLOOKUP(Tableau26[[#This Row],[Hole ID]],Data_Log[],2,FALSE) -> #N/A | G8: =_xlfn.XLOOKUP(Tableau26[[#This Row],[Hole ID]],Data_Log[Hole ID],Data_Log[Planned collar plunge (°)]) -> 0 | H8: =_xlfn.XLOOKUP(Tableau26[[#This Row],[Hole ID]],Data_Log[Hole ID],Data_Log[Planned collar trend (°)]) -> 0 | I8: =Tableau26[[#This Row],[Dip (deg)]]-Tableau26[[#This Row],[QA/QC Dip Planned]] -> 0 | J8: =Tableau26[[#This Row],[Azimuth (deg)]]-Tableau26[[#This Row],[QA/QC Azimut Planned]] -> 0
B9: =VLOOKUP(Tableau26[[#This Row],[Hole ID]],Data_Log[],2,FALSE) -> #N/A | G9: =_xlfn.XLOOKUP(Tableau26[[#This Row],[Hole ID]],Data_Log[Hole ID],Data_Log[Planned collar plunge (°)]) -> 0 | H9: =_xlfn.XLOOKUP(Tableau26[[#This Row],[Hole ID]],Data_Log[Hole ID],Data_Log[Planned collar trend (°)]) -> 0 | I9: =Tableau26[[#This Row],[Dip (deg)]]-Tableau26[[#This Row],[QA/QC Dip Planned]] -> 0 | J9: =Tableau26[[#This Row],[Azimuth (deg)]]-Tableau26[[#This Row],[QA/QC Azimut Planned]] -> 0
B10: =VLOOKUP(Tableau26[[#This Row],[Hole ID]],Data_Log[],2,FALSE) -> #N/A | G10: =_xlfn.XLOOKUP(Tableau26[[#This Row],[Hole ID]],Data_Log[Hole ID],Data_Log[Planned collar plunge (°)]) -> 0 | H10: =_xlfn.XLOOKUP(Tableau26[[#This Row],[Hole ID]],Data_Log[Hole ID],Data_Log[Planned collar trend (°)]) -> 0 | I10: =Tableau26[[#This Row],[Dip (deg)]]-Tableau26[[#This Row],[QA/QC Dip Planned]] -> 0 | J10: =Tableau26[[#This Row],[Azimuth (deg)]]-Tableau26[[#This Row],[QA/QC Azimut Planned]] -> 0
B11: =VLOOKUP(Tableau26[[#This Row],[Hole ID]],Data_Log[],2,FALSE) -> #N/A | G11: =_xlfn.XLOOKUP(Tableau26[[#This Row],[Hole ID]],Data_Log[Hole ID],Data_Log[Planned collar plunge (°)]) -> 0 | H11: =_xlfn.XLOOKUP(Tableau26[[#This Row],[Hole ID]],Data_Log[Hole ID],Data_Log[Planned collar trend (°)]) -> 0 | I11: =Tableau26[[#This Row],[Dip (deg)]]-Tableau26[[#This Row],[QA/QC Dip Planned]] -> 0 | J11: =Tableau26[[#This Row],[Azimuth (deg)]]-Tableau26[[#This Row],[QA/QC Azimut Planned]] -> 0
B12: =VLOOKUP(Tableau26[[#This Row],[Hole ID]],Data_Log[],2,FALSE) -> #N/A | G12: =_xlfn.XLOOKUP(Tableau26[[#This Row],[Hole ID]],Data_Log[Hole ID],Data_Log[Planned collar plunge (°)]) -> 0 | H12: =_xlfn.XLOOKUP(Tableau26[[#This Row],[Hole ID]],Data_Log[Hole ID],Data_Log[Planned collar trend (°)]) -> 0 | I12: =Tableau26[[#This Row],[Dip (deg)]]-Tableau26[[#This Row],[QA/QC Dip Planned]] -> 0 | J12: =Tableau26[[#This Row],[Azimuth (deg)]]-Tableau26[[#This Row],[QA/QC Azimut Planned]] -> 0
B13: =VLOOKUP(Tableau26[[#This Row],[Hole ID]],Data_Log[],2,FALSE) -> #N/A | G13: =_xlfn.XLOOKUP(Tableau26[[#This Row],[Hole ID]],Data_Log[Hole ID],Data_Log[Planned collar plunge (°)]) -> 0 | H13: =_xlfn.XLOOKUP(Tableau26[[#This Row],[Hole ID]],Data_Log[Hole ID],Data_Log[Planned collar trend (°)]) -> 0 | I13: =Tableau26[[#This Row],[Dip (deg)]]-Tableau26[[#This Row],[QA/QC Dip Planned]] -> 0 | J13: =Tableau26[[#This Row],[Azimuth (deg)]]-Tableau26[[#This Row],[QA/QC Azimut Planned]] -> 0
B14: =VLOOKUP(Tableau26[[#This Row],[Hole ID]],Data_Log[],2,FALSE) -> #N/A | G14: =_xlfn.XLOOKUP(Tableau26[[#This Row],[Hole ID]],Data_Log[Hole ID],Data_Log[Planned collar plunge (°)]) -> 0 | H14: =_xlfn.XLOOKUP(Tableau26[[#This Row],[Hole ID]],Data_Log[Hole ID],Data_Log[Planned collar trend (°)]) -> 0 | I14: =Tableau26[[#This Row],[Dip (deg)]]-Tableau26[[#This Row],[QA/QC Dip Planned]] -> 0 | J14: =Tableau26[[#This Row],[Azimuth (deg)]]-Tableau26[[#This Row],[QA/QC Azimut Planned]] -> 0
B15: =VLOOKUP(Tableau26[[#This Row],[Hole ID]],Data_Log[],2,FALSE) -> #N/A | G15: =_xlfn.XLOOKUP(Tableau26[[#This Row],[Hole ID]],Data_Log[Hole ID],Data_Log[Planned collar plunge (°)]) -> 0 | H15: =_xlfn.XLOOKUP(Tableau26[[#This Row],[Hole ID]],Data_Log[Hole ID],Data_Log[Planned collar trend (°)]) -> 0 | I15: =Tableau26[[#This Row],[Dip (deg)]]-Tableau26[[#This Row],[QA/QC Dip Planned]] -> 0 | J15: =Tableau26[[#This Row],[Azimuth (deg)]]-Tableau26[[#This Row],[QA/QC Azimut Planned]] -> 0
... B346: =VLOOKUP(Tableau26[[#This Row],[Hole ID]],Data_Log[],2,FALSE) -> #N/A | G346: =_xlfn.XLOOKUP(Tableau26[[#This Row],[Hole ID]],Data_Log[Hole ID],Data_Log[Planned collar plunge (°)]) -> 0 | H346: =_xlfn.XLOOKUP(Tableau26[[#This Row],[Hole ID]],Data_Log[Hole ID],Data_Log[Planned collar trend (°)]) -> 0 | I346: =Tableau26[[#This Row],[Dip (deg)]]-Tableau26[[#This Row],[QA/QC Dip Planned]] -> 0 | J346: =Tableau26[[#This Row],[Azimuth (deg)]]-Tableau26[[#This Row],[QA/QC Azimut Planned]] -> 0

Sheet Geotech
A1: Geotech
AB2: RMR | AN2: GSI | AO2: Q
A3: Hole ID | B3: Planned Hole ID | C3: From (m) | D3: To (m) | E3: Mid Point (m) | F3: Run (m) | G3: TCR (m) | H3: TCR (%) | I3: TCR Reel (m) | J3: Run Reel (m) | K3: RQD (m) | L3: RQD (%) | M3: Lithology (when logging on site) | N3: Lithology | O3: Weathering/Alteration | P3: Field Intact Rock Strength | Q3: Micro-Defects | R3: Fault (m) | S3: Broken Core (m) | T3: Lost Core (m) | U3: Disking (m) | V3: Fracture per interval | W3: Validation fracture per interval | X3: Joint Set Rating | Y3: Gamma angle | Z3: Comments | AA3: x | AB3: Added fractures (BC, FLT, LC) | AC3: Joint spacing (m) | AD3: Is50_1 | AE3: Is50_2 | AF3: Is50_3 | AG3: Is50 | AH3: RMR76 - Strength rating | AI3: RMR76 - RQD rating | AJ3: RMR76 - Joint spacing rating | AK3: RMR76 - Joint condition rating | AL3: RMR76 - Ground water rating | AM3: RMR76 | AN3: GSI | AO3: Jn rating | AP3: Jr/Ja | AQ3: Jw/SRF | AR3: Q' | AS3: Q | AT3: x2 | AU3: Transformed RQD (%) | AV3: Transformed TCR (%) | AW3: Fracture Frequency (#/m) | AX3: FIRS Code | AY3: Transformed FIRS Code | AZ3: FIRS Min UCS (MPa) | BA3: FIRS Avg UCS (MPa) | BB3: FIRS Max UCS (MPa) | BC3: Transformed RMR76 | BD3: Altered-Weathered Code
A4: COG-25-08 | B4: =VLOOKUP(Data_Geotech[[#This Row],[Hole ID]],Data_Log[],2,FALSE) -> CGF-01 | C4: 50 | D4: 50.98 | E4: =(Data_Geotech[[#This Row],[To (m)]]-Data_Geotech[[#This Row],[From (m)]])/2+Data_Geotech[[#This Row],[From (m)]] -> 50.49 | F4: =Data_Geotech[[#This Row],[To (m)]]-Data_Geotech[[#This Row],[From (m)]] -> 0.98 | G4: 0.98 | H4: =Data_Geotech[[#This Row],[TCR (m)]]/Data_Geotech[[#This Row],[Run (m)]]*100 -> 100 | I4: 0.98 | J4: 0.98 | K4: 0.98 | L4: =Data_Geotech[[#This Row],[RQD (m)]]/Data_Geotech[[#This Row],[Run Reel (m)]]*100 -> 100 | M4: Diorite | O4: W1/A1 - Fresh | P4: R5 - Very strong | Q4: 1 - Weak | V4: 1 | W4: =SUMIFS(Discontinuities!$D$4:$D$9664,Discontinuities!$A$4:$A$9664,A4,Discontinuities!$C$4:$C$9664,">="&C4,Discontinuities!$C$4:$C$9664,"<"&D4) -SUMIFS(Discontinuities!$D$4:$D$9664,Discontinuities!$A$4:$A$9664,A4,Discontinuities!$C$4:$C$9664,">="&C4,Discontinuities!$C$4:$C$9664,"<"&D4,Discontinuities!$E$4:$E$9664,"=BC") -SUMIFS(Discontinuities!$D$4:$D$9664,Discontinuities!$A$4:$A$9664,A4,Discontinuities!$C$4:$C$9664,">="&C4,Discontinuities!$C$4:$C$9664,"<"&D4,Discontinuities!$E$4:$E$9664,"=LC") -SUMIFS(Discontinuities!$D$4:$D$9664,Discontinuities!$A$4:$A$9664,A4,Discontinuities!$C$4:$C$9664,">="&C4,Discontinuities!$C$4:$C$9664,"<"&D4,Discontinuities!$E$4:$E$9664,"=FLT") -> 1 | X4: 1 - Massive or few joints | AB4: =IFERROR(ROUND((Data_Geotech[[#This Row],[Fault (m)]]+Data_Geotech[[#This Row],[Broken Core (m)]]+Data_Geotech[[#This Row],[Lost Core (m)]])*30,0),0) -> 0 | AC4: =IF(Data_Geotech[[#This Row],[Added fractures (BC, FLT, LC)]]+Data_Geotech[[#This Row],[Fracture per interval]]=0,99,1/((Data_Geotech[[#This Row],[Fracture per interval]]+Data_Geotech[[#This Row],[Added fractures (BC, FLT, LC)]])/Data_Geotech[[#This Row],[Run (m)]])) -> 0.98 | AD4: {=IFERROR(_xlfn.XLOOKUP(1,(A4=PLT!$A$4:$A$8886)*(Geotech!C4<=PLT!$F$4:$F$8886)*(Geotech!D4>=PLT!$F$4:$F$8886)*("Valid"=PLT!$P$4:$P$8886),PLT!$V$4:$V$8886),"")} -> 0 | AE4: {=IFERROR(_xlfn.XLOOKUP(1,(A4=PLT!$A$4:$A$8886)*(Geotech!C4<=PLT!$F$4:$F$8886)*(Geotech!D4>=PLT!$F$4:$F$8886)*(PLT!$V$4:$V$8886<>AD4)*("Valid"=PLT!$P$4:$P$7190),PLT!$V$4:$V$8886),"")} | AF4: {=IFERROR(_xlfn.XLOOKUP(1,(A4=PLT!$A$4:$A$8886)*(Geotech!C4<=PLT!$F$4:$F$8886)*(Geotech!D4>=PLT!$F$4:$F$8886)*(PLT!$V$4:$V$8886<>AD4)*(PLT!$V$4:$V$8886<>AE4)*("Valid"=PLT!$P$4:$P$7190),PLT!$V$4:$V$8886),"")} | AG4: =IFERROR(IF(AVERAGE(AD4:AF4)>References!$BO$23,References!$BP$23, IF(AVERAGE(AD4:AF4)>References!$BO$22,References!$BP$22, IF(AVERAGE(AD4:AF4)>References!$BO$21,References!$BP$21, IF(AVERAGE(AD4:AF4)>References!$BO$20,References!$BP$20, IF(AVERAGE(AD4:AF4)>References!$BO$19,References!$BP$19, IF(AVERAGE(AD4:AF4)>References!$BO$18,References!$BP$18, 0)))))),"") -> 0 | AH4: =IF(Data_Geotech[[#This Row],[Is50]]="",VLOOKUP(Data_Geotech[[#This Row],[Field Intact Rock Strength]],Table_RMR76_Strength[],2,FALSE),Data_Geotech[[#This Row],[Is50]]) -> 0 | AI4: =IF(Data_Geotech[[#This Row],[RQD (%)]]<=25,3,IF(Data_Geotech[[#This Row],[RQD (%)]]<=50,8,IF(Data_Geotech[[#This Row],[RQD (%)]]<=75,13,IF(Data_Geotech[[#This Row],[RQD (%)]]<=90,17,20)))) -> 20 | AJ4: =IF(Data_Geotech[[#This Row],[Joint spacing (m)]]<=0.05,5,IF(Data_Geotech[[#This Row],[Joint spacing (m)]]<=0.3,10,IF(Data_Geotech[[#This Row],[Joint spacing (m)]]<=1,20,IF(Data_Geotech[[#This Row],[Joint spacing (m)]]<=3,25,30)))) -> 20 | AK4: =IFERROR(AVERAGEIFS(Data_Discontinuities[[#All],[JCR]],Data_Discontinuities[[#All],[Hole ID]],"="&Data_Geotech[[#This Row],[Hole ID]],Data_Discontinuities[[#All],[Depth (m)]],">="&Data_Geotech[[#This Row],[From (m)]],Data_Discontinuities[[#All],[Depth (m)]],"<"&Data_Geotech[[#This Row],[To (m)]]),IF(Data_Geotech[[#This Row],[Added fractures (BC, FLT, LC)]]=0,IF(Data_Geotech[[#This Row],[Fracture per interval]]=0,25,6),6)) -> 25 | AL4: 10 | AM4: =IF(Data_Geotech[[#This Row],[FIRS Code]]="R",IFERROR(SUM(Data_Geotech[[#This Row],[RMR76 - Strength rating]:[RMR76 - Ground water rating]]),""),"") -> 75 | AN4: =IF(Data_Geotech[[#This Row],[FIRS Code]]="R",(2*Data_Geotech[[#This Row],[RMR76 - Joint condition rating]])+(IF(Data_Geotech[[#This Row],[RQD (%)]]>80,80/2,Data_Geotech[[#This Row],[RQD (%)]]/2)),"") -> 90 | AO4: =LEFT(Data_Geotech[[#This Row],[Joint Set Rating]],FIND("-",Data_Geotech[[#This Row],[Joint Set Rating]],1)-2) -> 1 | AP4: =IFERROR(AVERAGEIFS(Data_Discontinuities[[#All],[Jr/Ja]],Data_Discontinuities[[#All],[Hole ID]],"="&Data_Geotech[[#This Row],[Hole ID]],Data_Discontinuities[[#All],[Depth (m)]],">="&Data_Geotech[[#This Row],[From (m)]],Data_Discontinuities[[#All],[Depth (m)]],"<"&Data_Geotech[[#This Row],[To (m)]]),IF(Data_Geotech[[#This Row],[Added fractures (BC, FLT, LC)]]>Data_Geotech[[#This Row],[Fracture per interval]],1/4,IF(Data_Geotech[[#This Row],[Fracture per interval]]=0,4/0.75,"ERROR: should never happen!"))) -> 3 | AQ4: =1/1 -> 1 | AR4: =IF(Data_Geotech[[#This Row],[FIRS Code]]="R",IFERROR((IF(Data_Geotech[[#This Row],[RQD (%)]]<10,10,Data_Geotech[[#This Row],[RQD (%)]])/Data_Geotech[[#This Row],[Jn rating]])*Data_Geotech[[#This Row],[Jr/Ja]],""),"") -> 300 | AS4: =IF(Data_Geotech[[#This Row],[FIRS Code]]="R",IFERROR((IF(Data_Geotech[[#This Row],[RQD (%)]]<10,10,Data_Geotech[[#This Row],[RQD (%)]])/Data_Geotech[[#This Row],[Jn rating]])*Data_Geotech[[#This Row],[Jr/Ja]]*Data_Geotech[[#This Row],[Jw/SRF]],""),"") -> 300 | AU4: =100-Data_Geotech[[#This Row],[RQD (%)]] -> 0 | AV4: =100-Data_Geotech[[#This Row],[TCR (%)]] -> -3.126388e-13 | AW4: =(Data_Geotech[[#This Row],[Fracture per interval]]+Data_Geotech[[#This Row],[Added fractures (BC, FLT, LC)]])/Data_Geotech[[#This Row],[TCR (m)]] -> 1.0204082 | AX4: R | AY4: =7-MID(Data_Geotech[[#This Row],[Field Intact Rock Strength]],2,1) -> 2 | AZ4: =VLOOKUP(Data_Geotech[[#This Row],[Field Intact Rock Strength]],Table_FieldStrength[],2,FALSE) -> 100 | BA4: =VLOOKUP(Data_Geotech[[#This Row],[Field Intact Rock Strength]],Table_FieldStrength[],3,FALSE) -> 175 | BB4: =VLOOKUP(Data_Geotech[[#This Row],[Field Intact Rock Strength]],Table_FieldStrength[],4,FALSE) -> 250 | BC4: =100-Data_Geotech[[#This Row],[RMR76]] -> 25 | BD4: =LEFT(Data_Geotech[[#This Row],[Weathering/Alteration]],FIND("-",Data_Geotech[[#This Row],[Weathering/Alteration]])-2) -> W1/A1
A5: COG-25-08 | B5: =VLOOKUP(Data_Geotech[[#This Row],[Hole ID]],Data_Log[],2,FALSE) -> CGF-01 | C5: 50.98 | D5: 52.46 | E5: =(Data_Geotech[[#This Row],[To (m)]]-Data_Geotech[[#This Row],[From (m)]])/2+Data_Geotech[[#This Row],[From (m)]] -> 51.72 | F5: =Data_Geotech[[#This Row],[To (m)]]-Data_Geotech[[#This Row],[From (m)]] -> 1.48 | G5: 1.48 | H5: =Data_Geotech[[#This Row],[TCR (m)]]/Data_Geotech[[#This Row],[Run (m)]]*100 -> 100 | I5: 1.48 | J5: 1.48 | K5: 1.48 | L5: =Data_Geotech[[#This Row],[RQD (m)]]/Data_Geotech[[#This Row],[Run Reel (m)]]*100 -> 100 | M5: Diorite | O5: W1/A1 - Fresh | P5: R6 - Extremely strong | Q5: 2 - Moderate | V5: 2 | W5: =SUMIFS(Discontinuities!$D$4:$D$9664,Discontinuities!$A$4:$A$9664,A5,Discontinuities!$C$4:$C$9664,">="&C5,Discontinuities!$C$4:$C$9664,"<"&D5) -SUMIFS(Discontinuities!$D$4:$D$9664,Discontinuities!$A$4:$A$9664,A5,Discontinuities!$C$4:$C$9664,">="&C5,Discontinuities!$C$4:$C$9664,"<"&D5,Discontinuities!$E$4:$E$9664,"=BC") -SUMIFS(Discontinuities!$D$4:$D$9664,Discontinuities!$A$4:$A$9664,A5,Discontinuities!$C$4:$C$9664,">="&C5,Discontinuities!$C$4:$C$9664,"<"&D5,Discontinuities!$E$4:$E$9664,"=LC") -SUMIFS(Discontinuities!$D$4:$D$9664,Discontinuities!$A$4:$A$9664,A5,Discontinuities!$C$4:$C$9664,">="&C5,Discontinuities!$C$4:$C$9664,"<"&D5,Discontinuities!$E$4:$E$9664,"=FLT") -> 2 | X5: 2 - One joint set | AB5: =IFERROR(ROUND((Data_Geotech[[#This Row],[Fault (m)]]+Data_Geotech[[#This Row],[Broken Core (m)]]+Data_Geotech[[#This Row],[Lost Core (m)]])*30,0),0) -> 0 | AC5: =IF(Data_Geotech[[#This Row],[Added fractures (BC, FLT, LC)]]+Data_Geotech[[#This Row],[Fracture per interval]]=0,99,1/((Data_Geotech[[#This Row],[Fracture per interval]]+Data_Geotech[[#This Row],[Added fractures (BC, FLT, LC)]])/Data_Geotech[[#This Row],[Run (m)]])) -> 0.74 | AD5: {=IFERROR(_xlfn.XLOOKUP(1,(A5=PLT!$A$4:$A$8886)*(Geotech!C5<=PLT!$F$4:$F$8886)*(Geotech!D5>=PLT!$F$4:$F$8886)*("Valid"=PLT!$P$4:$P$8886),PLT!$V$4:$V$8886),"")} -> 0 | AE5: {=IFERROR(_xlfn.XLOOKUP(1,(A5=PLT!$A$4:$A$8886)*(Geotech!C5<=PLT!$F$4:$F$8886)*(Geotech!D5>=PLT!$F$4:$F$8886)*(PLT!$V$4:$V$8886<>AD5)*("Valid"=PLT!$P$4:$P$7190),PLT!$V$4:$V$8886),"")} | AF5: {=IFERROR(_xlfn.XLOOKUP(1,(A5=PLT!$A$4:$A$8886)*(Geotech!C5<=PLT!$F$4:$F$8886)*(Geotech!D5>=PLT!$F$4:$F$8886)*(PLT!$V$4:$V$8886<>AD5)*(PLT!$V$4:$V$8886<>AE5)*("Valid"=PLT!$P$4:$P$7190),PLT!$V$4:$V$8886),"")} | AG5: =IFERROR(IF(AVERAGE(AD5:AF5)>References!$BO$23,References!$BP$23, IF(AVERAGE(AD5:AF5)>References!$BO$22,References!$BP$22, IF(AVERAGE(AD5:AF5)>References!$BO$21,References!$BP$21, IF(AVERAGE(AD5:AF5)>References!$BO$20,References!$BP$20, IF(AVERAGE(AD5:AF5)>References!$BO$19,References!$BP$19, IF(AVERAGE(AD5:AF5)>References!$BO$18,References!$BP$18, 0)))))),"") -> 0 | AH5: =IF(Data_Geotech[[#This Row],[Is50]]="",VLOOKUP(Data_Geotech[[#This Row],[Field Intact Rock Strength]],Table_RMR76_Strength[],2,FALSE),Data_Geotech[[#This Row],[Is50]]) -> 0 | AI5: =IF(Data_Geotech[[#This Row],[RQD (%)]]<=25,3,IF(Data_Geotech[[#This Row],[RQD (%)]]<=50,8,IF(Data_Geotech[[#This Row],[RQD (%)]]<=75,13,IF(Data_Geotech[[#This Row],[RQD (%)]]<=90,17,20)))) -> 20 | AJ5: =IF(Data_Geotech[[#This Row],[Joint spacing (m)]]<=0.05,5,IF(Data_Geotech[[#This Row],[Joint spacing (m)]]<=0.3,10,IF(Data_Geotech[[#This Row],[Joint spacing (m)]]<=1,20,IF(Data_Geotech[[#This Row],[Joint spacing (m)]]<=3,25,30)))) -> 20 | AK5: =IFERROR(AVERAGEIFS(Data_Discontinuities[[#All],[JCR]],Data_Discontinuities[[#All],[Hole ID]],"="&Data_Geotech[[#This Row],[Hole ID]],Data_Discontinuities[[#All],[Depth (m)]],">="&Data_Geotech[[#This Row],[From (m)]],Data_Discontinuities[[#All],[Depth (m)]],"<"&Data_Geotech[[#This Row],[To (m)]]),IF(Data_Geotech[[#This Row],[Added fractures (BC, FLT, LC)]]=0,IF(Data_Geotech[[#This Row],[Fracture per interval]]=0,25,6),6)) -> 25 | AL5: 10 | AM5: =IF(Data_Geotech[[#This Row],[FIRS Code]]="R",IFERROR(SUM(Data_Geotech[[#This Row],[RMR76 - Strength rating]:[RMR76 - Ground water rating]]),""),"") -> 75 | AN5: =IF(Data_Geotech[[#This Row],[FIRS Code]]="R",(2*Data_Geotech[[#This Row],[RMR76 - Joint condition rating]])+(IF(Data_Geotech[[#This Row],[RQD (%)]]>80,80/2,Data_Geotech[[#This Row],[RQD (%)]]/2)),"") -> 90 | AO5: =LEFT(Data_Geotech[[#This Row],[Joint Set Rating]],FIND("-",Data_Geotech[[#This Row],[Joint Set Rating]],1)-2) -> 2 | AP5: =IFERROR(AVERAGEIFS(Data_Discontinuities[[#All],[Jr/Ja]],Data_Discontinuities[[#All],[Hole ID]],"="&Data_Geotech[[#This Row],[Hole ID]],Data_Discontinuities[[#All],[Depth (m)]],">="&Data_Geotech[[#This Row],[From (m)]],Data_Discontinuities[[#All],[Depth (m)]],"<"&Data_Geotech[[#This Row],[To (m)]]),IF(Data_Geotech[[#This Row],[Added fractures (BC, FLT, LC)]]>Data_Geotech[[#This Row],[Fracture per interval]],1/4,IF(Data_Geotech[[#This Row],[Fracture per interval]]=0,4/0.75,"ERROR: should never happen!"))) -> 2.25 | AQ5: =1/1 -> 1 | AR5: =IF(Data_Geotech[[#This Row],[FIRS Code]]="R",IFERROR((IF(Data_Geotech[[#This Row],[RQD (%)]]<10,10,Data_Geotech[[#This Row],[RQD (%)]])/Data_Geotech[[#This Row],[Jn rating]])*Data_Geotech[[#This Row],[Jr/Ja]],""),"") -> 112.5 | AS5: =IF(Data_Geotech[[#This Row],[FIRS Code]]="R",IFERROR((IF(Data_Geotech[[#This Row],[RQD (%)]]<10,10,Data_Geotech[[#This Row],[RQD (%)]])/Data_Geotech[[#This Row],[Jn rating]])*Data_Geotech[[#This Row],[Jr/Ja]]*Data_Geotech[[#This Row],[Jw/SRF]],""),"") -> 112.5 | AU5: =100-Data_Geotech[[#This Row],[RQD (%)]] -> 0 | AV5: =100-Data_Geotech[[#This Row],[TCR (%)]] -> 2.7000624e-13 | AW5: =(Data_Geotech[[#This Row],[Fracture per interval]]+Data_Geotech[[#This Row],[Added fractures (BC, FLT, LC)]])/Data_Geotech[[#This Row],[TCR (m)]] -> 1.3513514 | AX5: R | AY5: =7-MID(Data_Geotech[[#This Row],[Field Intact Rock Strength]],2,1) -> 1 | AZ5: =VLOOKUP(Data_Geotech[[#This Row],[Field Intact Rock Strength]],Table_FieldStrength[],2,FALSE) -> 250 | BA5: =VLOOKUP(Data_Geotech[[#This Row],[Field Intact Rock Strength]],Table_FieldStrength[],3,FALSE) -> 275 | BB5: =VLOOKUP(Data_Geotech[[#This Row],[Field Intact Rock Strength]],Table_FieldStrength[],4,FALSE) -> 300 | BC5: =100-Data_Geotech[[#This Row],[RMR76]] -> 25 | BD5: =LEFT(Data_Geotech[[#This Row],[Weathering/Alteration]],FIND("-",Data_Geotech[[#This Row],[Weathering/Alteration]])-2) -> W1/A1
A6: COG-25-08 | B6: =VLOOKUP(Data_Geotech[[#This Row],[Hole ID]],Data_Log[],2,FALSE) -> CGF-01 | C6: 52.46 | D6: 52.96 | E6: =(Data_Geotech[[#This Row],[To (m)]]-Data_Geotech[[#This Row],[From (m)]])/2+Data_Geotech[[#This Row],[From (m)]] -> 52.71 | F6: =Data_Geotech[[#This Row],[To (m)]]-Data_Geotech[[#This Row],[From (m)]] -> 0.5 | G6: 0.5 | H6: =Data_Geotech[[#This Row],[TCR (m)]]/Data_Geotech[[#This Row],[Run (m)]]*100 -> 100 | I6: 0.52 | J6: 0.52 | K6: 0.52 | L6: =Data_Geotech[[#This Row],[RQD (m)]]/Data_Geotech[[#This Row],[Run Reel (m)]]*100 -> 100 | M6: Boulamarque granodiorite | O6: W1/A1 - Fresh | P6: R6 - Extremely strong | Q6: 2 - Moderate | V6: 1 | W6: =SUMIFS(Discontinuities!$D$4:$D$9664,Discontinuities!$A$4:$A$9664,A6,Discontinuities!$C$4:$C$9664,">="&C6,Discontinuities!$C$4:$C$9664,"<"&D6) -SUMIFS(Discontinuities!$D$4:$D$9664,Discontinuities!$A$4:$A$9664,A6,Discontinuities!$C$4:$C$9664,">="&C6,Discontinuities!$C$4:$C$9664,"<"&D6,Discontinuities!$E$4:$E$9664,"=BC") -SUMIFS(Discontinuities!$D$4:$D$9664,Discontinuities!$A$4:$A$9664,A6,Discontinuities!$C$4:$C$9664,">="&C6,Discontinuities!$C$4:$C$9664,"<"&D6,Discontinuities!$E$4:$E$9664,"=LC") -SUMIFS(Discontinuities!$D$4:$D$9664,Discontinuities!$A$4:$A$9664,A6,Discontinuities!$C$4:$C$9664,">="&C6,Discontinuities!$C$4:$C$9664,"<"&D6,Discontinuities!$E$4:$E$9664,"=FLT") -> 1 | X6: 1 - Massive or few joints | AB6: =IFERROR(ROUND((Data_Geotech[[#This Row],[Fault (m)]]+Data_Geotech[[#This Row],[Broken Core (m)]]+Data_Geotech[[#This Row],[Lost Core (m)]])*30,0),0) -> 0 | AC6: =IF(Data_Geotech[[#This Row],[Added fractures (BC, FLT, LC)]]+Data_Geotech[[#This Row],[Fracture per interval]]=0,99,1/((Data_Geotech[[#This Row],[Fracture per interval]]+Data_Geotech[[#This Row],[Added fractures (BC, FLT, LC)]])/Data_Geotech[[#This Row],[Run (m)]])) -> 0.5 | AD6: {=IFERROR(_xlfn.XLOOKUP(1,(A6=PLT!$A$4:$A$8886)*(Geotech!C6<=PLT!$F$4:$F$8886)*(Geotech!D6>=PLT!$F$4:$F$8886)*("Valid"=PLT!$P$4:$P$8886),PLT!$V$4:$V$8886),"")} | AE6: {=IFERROR(_xlfn.XLOOKUP(1,(A6=PLT!$A$4:$A$8886)*(Geotech!C6<=PLT!$F$4:$F$8886)*(Geotech!D6>=PLT!$F$4:$F$8886)*(PLT!$V$4:$V$8886<>AD6)*("Valid"=PLT!$P$4:$P$7190),PLT!$V$4:$V$8886),"")} | AF6: {=IFERROR(_xlfn.XLOOKUP(1,(A6=PLT!$A$4:$A$8886)*(Geotech!C6<=PLT!$F$4:$F$8886)*(Geotech!D6>=PLT!$F$4:$F$8886)*(PLT!$V$4:$V$8886<>AD6)*(PLT!$V$4:$V$8886<>AE6)*("Valid"=PLT!$P$4:$P$7190),PLT!$V$4:$V$8886),"")} | AG6: =IFERROR(IF(AVERAGE(AD6:AF6)>References!$BO$23,References!$BP$23, IF(AVERAGE(AD6:AF6)>References!$BO$22,References!$BP$22, IF(AVERAGE(AD6:AF6)>References!$BO$21,References!$BP$21, IF(AVERAGE(AD6:AF6)>References!$BO$20,References!$BP$20, IF(AVERAGE(AD6:AF6)>References!$BO$19,References!$BP$19, IF(AVERAGE(AD6:AF6)>References!$BO$18,References!$BP$18, 0)))))),"") | AH6: =IF(Data_Geotech[[#This Row],[Is50]]="",VLOOKUP(Data_Geotech[[#This Row],[Field Intact Rock Strength]],Table_RMR76_Strength[],2,FALSE),Data_Geotech[[#This Row],[Is50]]) -> 15 | AI6: =IF(Data_Geotech[[#This Row],[RQD (%)]]<=25,3,IF(Data_Geotech[[#This Row],[RQD (%)]]<=50,8,IF(Data_Geotech[[#This Row],[RQD (%)]]<=75,13,IF(Data_Geotech[[#This Row],[RQD (%)]]<=90,17,20)))) -> 20 | AJ6: =IF(Data_Geotech[[#This Row],[Joint spacing (m)]]<=0.05,5,IF(Data_Geotech[[#This Row],[Joint spacing (m)]]<=0.3,10,IF(Data_Geotech[[#This Row],[Joint spacing (m)]]<=1,20,IF(Data_Geotech[[#This Row],[Joint spacing (m)]]<=3,25,30)))) -> 20 | AK6: =IFERROR(AVERAGEIFS(Data_Discontinuities[[#All],[JCR]],Data_Discontinuities[[#All],[Hole ID]],"="&Data_Geotech[[#This Row],[Hole ID]],Data_Discontinuities[[#All],[Depth (m)]],">="&Data_Geotech[[#This Row],[From (m)]],Data_Discontinuities[[#All],[Depth (m)]],"<"&Data_Geotech[[#This Row],[To (m)]]),IF(Data_Geotech[[#This Row],[Added fractures (BC, FLT, LC)]]=0,IF(Data_Geotech[[#This Row],[Fracture per interval]]=0,25,6),6)) -> 6 | AL6: 10 | AM6: =IF(Data_Geotech[[#This Row],[FIRS Code]]="R",IFERROR(SUM(Data_Geotech[[#This Row],[RMR76 - Strength rating]:[RMR76 - Ground water rating]]),""),"") -> 71 | AN6: =IF(Data_Geotech[[#This Row],[FIRS Code]]="R",(2*Data_Geotech[[#This Row],[RMR76 - Joint condition rating]])+(IF(Data_Geotech[[#This Row],[RQD (%)]]>80,80/2,Data_Geotech[[#This Row],[RQD (%)]]/2)),"") -> 52 | AO6: =LEFT(Data_Geotech[[#This Row],[Joint Set Rating]],FIND("-",Data_Geotech[[#This Row],[Joint Set Rating]],1)-2) -> 1 | AP6: =IFERROR(AVERAGEIFS(Data_Discontinuities[[#All],[Jr/Ja]],Data_Discontinuities[[#All],[Hole ID]],"="&Data_Geotech[[#This Row],[Hole ID]],Data_Discontinuities[[#All],[Depth (m)]],">="&Data_Geotech[[#This Row],[From (m)]],Data_Discontinuities[[#All],[Depth (m)]],"<"&Data_Geotech[[#This Row],[To (m)]]),IF(Data_Geotech[[#This Row],[Added fractures (BC, FLT, LC)]]>Data_Geotech[[#This Row],[Fracture per interval]],1/4,IF(Data_Geotech[[#This Row],[Fracture per interval]]=0,4/0.75,"ERROR: should never happen!"))) -> 0.25 | AQ6: =1/1 -> 1 | AR6: =IF(Data_Geotech[[#This Row],[FIRS Code]]="R",IFERROR((IF(Data_Geotech[[#This Row],[RQD (%)]]<10,10,Data_Geotech[[#This Row],[RQD (%)]])/Data_Geotech[[#This Row],[Jn rating]])*Data_Geotech[[#This Row],[Jr/Ja]],""),"") -> 25 | AS6: =IF(Data_Geotech[[#This Row],[FIRS Code]]="R",IFERROR((IF(Data_Geotech[[#This Row],[RQD (%)]]<10,10,Data_Geotech[[#This Row],[RQD (%)]])/Data_Geotech[[#This Row],[Jn rating]])*Data_Geotech[[#This Row],[Jr/Ja]]*Data_Geotech[[#This Row],[Jw/SRF]],""),"") -> 25 | AU6: =100-Data_Geotech[[#This Row],[RQD (%)]] -> 0 | AV6: =100-Data_Geotech[[#This Row],[TCR (%)]] -> 0 | AW6: =(Data_Geotech[[#This Row],[Fracture per interval]]+Data_Geotech[[#This Row],[Added fractures (BC, FLT, LC)]])/Data_Geotech[[#This Row],[TCR (m)]] -> 2 | AX6: R | AY6: =7-MID(Data_Geotech[[#This Row],[Field Intact Rock Strength]],2,1) -> 1 | AZ6: =VLOOKUP(Data_Geotech[[#This Row],[Field Intact Rock Strength]],Table_FieldStrength[],2,FALSE) -> 250 | BA6: =VLOOKUP(Data_Geotech[[#This Row],[Field Intact Rock Strength]],Table_FieldStrength[],3,FALSE) -> 275 | BB6: =VLOOKUP(Data_Geotech[[#This Row],[Field Intact Rock Strength]],Table_FieldStrength[],4,FALSE) -> 300 | BC6: =100-Data_Geotech[[#This Row],[RMR76]] -> 29 | BD6: =LEFT(Data_Geotech[[#This Row],[Weathering/Alteration]],FIND("-",Data_Geotech[[#This Row],[Weathering/Alteration]])-2) -> W1/A1
A7: COG-25-08 | B7: =VLOOKUP(Data_Geotech[[#This Row],[Hole ID]],Data_Log[],2,FALSE) -> CGF-01 | C7: 52.96 | D7: 54 | E7: =(Data_Geotech[[#This Row],[To (m)]]-Data_Geotech[[#This Row],[From (m)]])/2+Data_Geotech[[#This Row],[From (m)]] -> 53.48 | F7: =Data_Geotech[[#This Row],[To (m)]]-Data_Geotech[[#This Row],[From (m)]] -> 1.04 | G7: 1.04 | H7: =Data_Geotech[[#This Row],[TCR (m)]]/Data_Geotech[[#This Row],[Run (m)]]*100 -> 100 | I7: 1.07 | J7: 1.07 | K7: =1.07-0.06 -> 1.01 | L7: =Data_Geotech[[#This Row],[RQD (m)]]/Data_Geotech[[#This Row],[Run Reel (m)]]*100 -> 94.392523 | M7: Diorite | O7: W2/A2 - Slightly Weathered or Altered | P7: R3 - Moderately strong | Q7: 2 - Moderate | V7: 3 | W7: =SUMIFS(Discontinuities!$D$4:$D$9664,Discontinuities!$A$4:$A$9664,A7,Discontinuities!$C$4:$C$9664,">="&C7,Discontinuities!$C$4:$C$9664,"<"&D7) -SUMIFS(Discontinuities!$D$4:$D$9664,Discontinuities!$A$4:$A$9664,A7,Discontinuities!$C$4:$C$9664,">="&C7,Discontinuities!$C$4:$C$9664,"<"&D7,Discontinuities!$E$4:$E$9664,"=BC") -SUMIFS(Discontinuities!$D$4:$D$9664,Discontinuities!$A$4:$A$9664,A7,Discontinuities!$C$4:$C$9664,">="&C7,Discontinuities!$C$4:$C$9664,"<"&D7,Discontinuities!$E$4:$E$9664,"=LC") -SUMIFS(Discontinuities!$D$4:$D$9664,Discontinuities!$A$4:$A$9664,A7,Discontinuities!$C$4:$C$9664,">="&C7,Discontinuities!$C$4:$C$9664,"<"&D7,Discontinuities!$E$4:$E$9664,"=FLT") -> 3 | X7: 3 - One joint set plus random joint (s) | AB7: =IFERROR(ROUND((Data_Geotech[[#This Row],[Fault (m)]]+Data_Geotech[[#This Row],[Broken Core (m)]]+Data_Geotech[[#This Row],[Lost Core (m)]])*30,0),0) -> 0 | AC7: =IF(Data_Geotech[[#This Row],[Added fractures (BC, FLT, LC)]]+Data_Geotech[[#This Row],[Fracture per interval]]=0,99,1/((Data_Geotech[[#This Row],[Fracture per interval]]+Data_Geotech[[#This Row],[Added fractures (BC, FLT, LC)]])/Data_Geotech[[#This Row],[Run (m)]])) -> 0.34666667 | AD7: {=IFERROR(_xlfn.XLOOKUP(1,(A7=PLT!$A$4:$A$8886)*(Geotech!C7<=PLT!$F$4:$F$8886)*(Geotech!D7>=PLT!$F$4:$F$8886)*("Valid"=PLT!$P$4:$P$8886),PLT!$V$4:$V$8886),"")} -> 0 | AE7: {=IFERROR(_xlfn.XLOOKUP(1,(A7=PLT!$A$4:$A$8886)*(Geotech!C7<=PLT!$F$4:$F$8886)*(Geotech!D7>=PLT!$F$4:$F$8886)*(PLT!$V$4:$V$8886<>AD7)*("Valid"=PLT!$P$4:$P$7190),PLT!$V$4:$V$8886),"")} | AF7: {=IFERROR(_xlfn.XLOOKUP(1,(A7=PLT!$A$4:$A$8886)*(Geotech!C7<=PLT!$F$4:$F$8886)*(Geotech!D7>=PLT!$F$4:$F$8886)*(PLT!$V$4:$V$8886<>AD7)*(PLT!$V$4:$V$8886<>AE7)*("Valid"=PLT!$P$4:$P$7190),PLT!$V$4:$V$8886),"")} | AG7: =IFERROR(IF(AVERAGE(AD7:AF7)>References!$BO$23,References!$BP$23, IF(AVERAGE(AD7:AF7)>References!$BO$22,References!$BP$22, IF(AVERAGE(AD7:AF7)>References!$BO$21,References!$BP$21, IF(AVERAGE(AD7:AF7)>References!$BO$20,References!$BP$20, IF(AVERAGE(AD7:AF7)>References!$BO$19,References!$BP$19, IF(AVERAGE(AD7:AF7)>References!$BO$18,References!$BP$18, 0)))))),"") -> 0 | AH7: =IF(Data_Geotech[[#This Row],[Is50]]="",VLOOKUP(Data_Geotech[[#This Row],[Field Intact Rock Strength]],Table_RMR76_Strength[],2,FALSE),Data_Geotech[[#This Row],[Is50]]) -> 0 | AI7: =IF(Data_Geotech[[#This Row],[RQD (%)]]<=25,3,IF(Data_Geotech[[#This Row],[RQD (%)]]<=50,8,IF(Data_Geotech[[#This Row],[RQD (%)]]<=75,13,IF(Data_Geotech[[#This Row],[RQD (%)]]<=90,17,20)))) -> 20 | AJ7: =IF(Data_Geotech[[#This Row],[Joint spacing (m)]]<=0.05,5,IF(Data_Geotech[[#This Row],[Joint spacing (m)]]<=0.3,10,IF(Data_Geotech[[#This Row],[Joint spacing (m)]]<=1,20,IF(Data_Geotech[[#This Row],[Joint spacing (m)]]<=3,25,30)))) -> 20 | AK7: =IFERROR(AVERAGEIFS(Data_Discontinuities[[#All],[JCR]],Data_Discontinuities[[#All],[Hole ID]],"="&Data_Geotech[[#This Row],[Hole ID]],Data_Discontinuities[[#All],[Depth (m)]],">="&Data_Geotech[[#This Row],[From (m)]],Data_Discontinuities[[#All],[Depth (m)]],"<"&Data_Geotech[[#This Row],[To (m)]]),IF(Data_Geotech[[#This Row],[Added fractures (BC, FLT, LC)]]=0,IF(Data_Geotech[[#This Row],[Fracture per interval]]=0,25,6),6)) -> 14.666667 | AL7: 10 | AM7: =IF(Data_Geotech[[#This Row],[FIRS Code]]="R",IFERROR(SUM(Data_Geotech[[#This Row],[RMR76 - Strength rating]:[RMR76 - Ground water rating]]),""),"") -> 64.666667 | AN7: =IF(Data_Geotech[[#This Row],[FIRS Code]]="R",(2*Data_Geotech[[#This Row],[RMR76 - Joint condition rating]])+(IF(Data_Geotech[[#This Row],[RQD (%)]]>80,80/2,Data_Geotech[[#This Row],[RQD (%)]]/2)),"") -> 69.333333 | AO7: =LEFT(Data_Geotech[[#This Row],[Joint Set Rating]],FIND("-",Data_Geotech[[#This Row],[Joint Set Rating]],1)-2) -> 3 | AP7: =IFERROR(AVERAGEIFS(Data_Discontinuities[[#All],[Jr/Ja]],Data_Discontinuities[[#All],[Hole ID]],"="&Data_Geotech[[#This Row],[Hole ID]],Data_Discontinuities[[#All],[Depth (m)]],">="&Data_Geotech[[#This Row],[From (m)]],Data_Discontinuities[[#All],[Depth (m)]],"<"&Data_Geotech[[#This Row],[To (m)]]),IF(Data_Geotech[[#This Row],[Added fractures (BC, FLT, LC)]]>Data_Geotech[[#This Row],[Fracture per interval]],1/4,IF(Data_Geotech[[#This Row],[Fracture per interval]]=0,4/0.75,"ERROR: should never happen!"))) -> 0.54166667 | AQ7: =1/1 -> 1 | AR7: =IF(Data_Geotech[[#This Row],[FIRS Code]]="R",IFERROR((IF(Data_Geotech[[#This Row],[RQD (%)]]<10,10,Data_Geotech[[#This Row],[RQD (%)]])/Data_Geotech[[#This Row],[Jn rating]])*Data_Geotech[[#This Row],[Jr/Ja]],""),"") -> 17.043094 | AS7: =IF(Data_Geotech[[#This Row],[FIRS Code]]="R",IFERROR((IF(Data_Geotech[[#This Row],[RQD (%)]]<10,10,Data_Geotech[[#This Row],[RQD (%)]])/Data_Geotech[[#This Row],[Jn rating]])*Data_Geotech[[#This Row],[Jr/Ja]]*Data_Geotech[[#This Row],[Jw/SRF]],""),"") -> 17.043094 | AU7: =100-Data_Geotech[[#This Row],[RQD (%)]] -> 5.6074766 | AV7: =100-Data_Geotech[[#This Row],[TCR (%)]] -> 0 | AW7: =(Data_Geotech[[#This Row],[Fracture per interval]]+Data_Geotech[[#This Row],[Added fractures (BC, FLT, LC)]])/Data_Geotech[[#This Row],[TCR (m)]] -> 2.8846154 | AX7: R | AY7: =7-MID(Data_Geotech[[#This Row],[Field Intact Rock Strength]],2,1) -> 4 | AZ7: =VLOOKUP(Data_Geotech[[#This Row],[Field Intact Rock Strength]],Table_FieldStrength[],2,FALSE) -> 25 | BA7: =VLOOKUP(Data_Geotech[[#This Row],[Field Intact Rock Strength]],Table_FieldStrength[],3,FALSE) -> 37.5 | BB7: =VLOOKUP(Data_Geotech[[#This Row],[Field Intact Rock Strength]],Table_FieldStrength[],4,FALSE) -> 50 | BC7: =100-Data_Geotech[[#This Row],[RMR76]] -> 35.333333 | BD7: =LEFT(Data_Geotech[[#This Row],[Weathering/Alteration]],FIND("-",Data_Geotech[[#This Row],[Weathering/Alteration]])-2) -> W2/A2
A8: COG-25-08 | B8: =VLOOKUP(Data_Geotech[[#This Row],[Hole ID]],Data_Log[],2,FALSE) -> CGF-01 | C8: 54 | D8: 54.9 | E8: =(Data_Geotech[[#This Row],[To (m)]]-Data_Geotech[[#This Row],[From (m)]])/2+Data_Geotech[[#This Row],[From (m)]] -> 54.45 | F8: =Data_Geotech[[#This Row],[To (m)]]-Data_Geotech[[#This Row],[From (m)]] -> 0.9 | G8: 0.9 | H8: =Data_Geotech[[#This Row],[TCR (m)]]/Data_Geotech[[#This Row],[Run (m)]]*100 -> 100 | I8: 0.9 | J8: 0.9 | K8: 0.9 | L8: =Data_Geotech[[#This Row],[RQD (m)]]/Data_Geotech[[#This Row],[Run Reel (m)]]*100 -> 100 | M8: Diorite | O8: W2/A2 - Slightly Weathered or Altered | P8: R5 - Very strong | Q8: 3 - Intense | V8: 3 | W8: =SUMIFS(Discontinuities!$D$4:$D$9664,Discontinuities!$A$4:$A$9664,A8,Discontinuities!$C$4:$C$9664,">="&C8,Discontinuities!$C$4:$C$9664,"<"&D8) -SUMIFS(Discontinuities!$D$4:$D$9664,Discontinuities!$A$4:$A$9664,A8,Discontinuities!$C$4:$C$9664,">="&C8,Discontinuities!$C$4:$C$9664,"<"&D8,Discontinuities!$E$4:$E$9664,"=BC") -SUMIFS(Discontinuities!$D$4:$D$9664,Discontinuities!$A$4:$A$9664,A8,Discontinuities!$C$4:$C$9664,">="&C8,Discontinuities!$C$4:$C$9664,"<"&D8,Discontinuities!$E$4:$E$9664,"=LC") -SUMIFS(Discontinuities!$D$4:$D$9664,Discontinuities!$A$4:$A$9664,A8,Discontinuities!$C$4:$C$9664,">="&C8,Discontinuities!$C$4:$C$9664,"<"&D8,Discontinuities!$E$4:$E$9664,"=FLT") -> 3 | X8: 2 - One joint set | AB8: =IFERROR(ROUND((Data_Geotech[[#This Row],[Fault (m)]]+Data_Geotech[[#This Row],[Broken Core (m)]]+Data_Geotech[[#This Row],[Lost Core (m)]])*30,0),0) -> 0 | AC8: =IF(Data_Geotech[[#This Row],[Added fractures (BC, FLT, LC)]]+Data_Geotech[[#This Row],[Fracture per interval]]=0,99,1/((Data_Geotech[[#This Row],[Fracture per interval]]+Data_Geotech[[#This Row],[Added fractures (BC, FLT, LC)]])/Data_Geotech[[#This Row],[Run (m)]])) -> 0.3 | AD8: {=IFERROR(_xlfn.XLOOKUP(1,(A8=PLT!$A$4:$A$8886)*(Geotech!C8<=PLT!$F$4:$F$8886)*(Geotech!D8>=PLT!$F$4:$F$8886)*("Valid"=PLT!$P$4:$P$8886),PLT!$V$4:$V$8886),"")} -> 0 | AE8: {=IFERROR(_xlfn.XLOOKUP(1,(A8=PLT!$A$4:$A$8886)*(Geotech!C8<=PLT!$F$4:$F$8886)*(Geotech!D8>=PLT!$F$4:$F$8886)*(PLT!$V$4:$V$8886<>AD8)*("Valid"=PLT!$P$4:$P$7190),PLT!$V$4:$V$8886),"")} | AF8: {=IFERROR(_xlfn.XLOOKUP(1,(A8=PLT!$A$4:$A$8886)*(Geotech!C8<=PLT!$F$4:$F$8886)*(Geotech!D8>=PLT!$F$4:$F$8886)*(PLT!$V$4:$V$8886<>AD8)*(PLT!$V$4:$V$8886<>AE8)*("Valid"=PLT!$P$4:$P$7190),PLT!$V$4:$V$8886),"")} | AG8: =IFERROR(IF(AVERAGE(AD8:AF8)>References!$BO$23,References!$BP$23, IF(AVERAGE(AD8:AF8)>References!$BO$22,References!$BP$22, IF(AVERAGE(AD8:AF8)>References!$BO$21,References!$BP$21, IF(AVERAGE(AD8:AF8)>References!$BO$20,References!$BP$20, IF(AVERAGE(AD8:AF8)>References!$BO$19,References!$BP$19, IF(AVERAGE(AD8:AF8)>References!$BO$18,References!$BP$18, 0)))))),"") -> 0 | AH8: =IF(Data_Geotech[[#This Row],[Is50]]="",VLOOKUP(Data_Geotech[[#This Row],[Field Intact Rock Strength]],Table_RMR76_Strength[],2,FALSE),Data_Geotech[[#This Row],[Is50]]) -> 0 | AI8: =IF(Data_Geotech[[#This Row],[RQD (%)]]<=25,3,IF(Data_Geotech[[#This Row],[RQD (%)]]<=50,8,IF(Data_Geotech[[#This Row],[RQD (%)]]<=75,13,IF(Data_Geotech[[#This Row],[RQD (%)]]<=90,17,20)))) -> 20 | AJ8: =IF(Data_Geotech[[#This Row],[Joint spacing (m)]]<=0.05,5,IF(Data_Geotech[[#This Row],[Joint spacing (m)]]<=0.3,10,IF(Data_Geotech[[#This Row],[Joint spacing (m)]]<=1,20,IF(Data_Geotech[[#This Row],[Joint spacing (m)]]<=3,25,30)))) -> 10 | AK8: =IFERROR(AVERAGEIFS(Data_Discontinuities[[#All],[JCR]],Data_Discontinuities[[#All],[Hole ID]],"="&Data_Geotech[[#This Row],[Hole ID]],Data_Discontinuities[[#All],[Depth (m)]],">="&Data_Geotech[[#This Row],[From (m)]],Data_Discontinuities[[#All],[Depth (m)]],"<"&Data_Geotech[[#This Row],[To (m)]]),IF(Data_Geotech[[#This Row],[Added fractures (BC, FLT, LC)]]=0,IF(Data_Geotech[[#This Row],[Fracture per interval]]=0,25,6),6)) -> 20 | AL8: 10 | AM8: =IF(Data_Geotech[[#This Row],[FIRS Code]]="R",IFERROR(SUM(Data_Geotech[[#This Row],[RMR76 - Strength rating]:[RMR76 - Ground water rating]]),""),"") -> 60 | AN8: =IF(Data_Geotech[[#This Row],[FIRS Code]]="R",(2*Data_Geotech[[#This Row],[RMR76 - Joint condition rating]])+(IF(Data_Geotech[[#This Row],[RQD (%)]]>80,80/2,Data_Geotech[[#This Row],[RQD (%)]]/2)),"") -> 80 | AO8: =_xlfn.NUMBERVALUE(LEFT(Data_Geotech[[#This Row],[Joint Set Rating]],FIND("-",Data_Geotech[[#This Row],[Joint Set Rating]],1)-2)) -> 2 | AP8: =IFERROR(AVERAGEIFS(Data_Discontinuities[[#All],[Jr/Ja]],Data_Discontinuities[[#All],[Hole ID]],"="&Data_Geotech[[#This Row],[Hole ID]],Data_Discontinuities[[#All],[Depth (m)]],">="&Data_Geotech[[#This Row],[From (m)]],Data_Discontinuities[[#All],[Depth (m)]],"<"&Data_Geotech[[#This Row],[To (m)]]),IF(Data_Geotech[[#This Row],[Added fractures (BC, FLT, LC)]]>Data_Geotech[[#This Row],[Fracture per interval]],1/4,IF(Data_Geotech[[#This Row],[Fracture per interval]]=0,4/0.75,"ERROR: should never happen!"))) -> 0.75 | AQ8: =1/1 -> 1 | AR8: =IF(Data_Geotech[[#This Row],[FIRS Code]]="R",IFERROR((IF(Data_Geotech[[#This Row],[RQD (%)]]<10,10,Data_Geotech[[#This Row],[RQD (%)]])/Data_Geotech[[#This Row],[Jn rating]])*Data_Geotech[[#This Row],[Jr/Ja]],""),"") -> 37.5 | AS8: =IF(Data_Geotech[[#This Row],[FIRS Code]]="R",IFERROR((IF(Data_Geotech[[#This Row],[RQD (%)]]<10,10,Data_Geotech[[#This Row],[RQD (%)]])/Data_Geotech[[#This Row],[Jn rating]])*Data_Geotech[[#This Row],[Jr/Ja]]*Data_Geotech[[#This Row],[Jw/SRF]],""),"") -> 37.5 | AU8: =100-Data_Geotech[[#This Row],[RQD (%)]] -> 0 | AV8: =100-Data_Geotech[[#This Row],[TCR (%)]] -> -1.563194e-13 | AW8: =(Data_Geotech[[#This Row],[Fracture per interval]]+Data_Geotech[[#This Row],[Added fractures (BC, FLT, LC)]])/Data_Geotech[[#This Row],[TCR (m)]] -> 3.3333333 | AX8: R | AY8: =7-MID(Data_Geotech[[#This Row],[Field Intact Rock Strength]],2,1) -> 2 | AZ8: =VLOOKUP(Data_Geotech[[#This Row],[Field Intact Rock Strength]],Table_FieldStrength[],2,FALSE) -> 100 | BA8: =VLOOKUP(Data_Geotech[[#This Row],[Field Intact Rock Strength]],Table_FieldStrength[],3,FALSE) -> 175 | BB8: =VLOOKUP(Data_Geotech[[#This Row],[Field Intact Rock Strength]],Table_FieldStrength[],4,FALSE) -> 250 | BC8: =100-Data_Geotech[[#This Row],[RMR76]] -> 40 | BD8: =LEFT(Data_Geotech[[#This Row],[Weathering/Alteration]],FIND("-",Data_Geotech[[#This Row],[Weathering/Alteration]])-2) -> W2/A2
A9: COG-25-08 | B9: =VLOOKUP(Data_Geotech[[#This Row],[Hole ID]],Data_Log[],2,FALSE) -> CGF-01 | C9: 54.9 | D9: 55.38 | E9: =(Data_Geotech[[#This Row],[To (m)]]-Data_Geotech[[#This Row],[From (m)]])/2+Data_Geotech[[#This Row],[From (m)]] -> 55.14 | F9: =Data_Geotech[[#This Row],[To (m)]]-Data_Geotech[[#This Row],[From (m)]] -> 0.48 | G9: 0.48 | H9: =Data_Geotech[[#This Row],[TCR (m)]]/Data_Geotech[[#This Row],[Run (m)]]*100 -> 100 | I9: 0.47 | J9: 0.47 | K9: 0.47 | L9: =Data_Geotech[[#This Row],[RQD (m)]]/Data_Geotech[[#This Row],[Run Reel (m)]]*100 -> 100 | M9: Boulamarque granodiorite | O9: W1/A1 - Fresh | P9: R6 - Extremely strong | Q9: 1 - Weak | V9: 0 | W9: =SUMIFS(Discontinuities!$D$4:$D$9664,Discontinuities!$A$4:$A$9664,A9,Discontinuities!$C$4:$C$9664,">="&C9,Discontinuities!$C$4:$C$9664,"<"&D9) -SUMIFS(Discontinuities!$D$4:$D$9664,Discontinuities!$A$4:$A$9664,A9,Discontinuities!$C$4:$C$9664,">="&C9,Discontinuities!$C$4:$C$9664,"<"&D9,Discontinuities!$E$4:$E$9664,"=BC") -SUMIFS(Discontinuities!$D$4:$D$9664,Discontinuities!$A$4:$A$9664,A9,Discontinuities!$C$4:$C$9664,">="&C9,Discontinuities!$C$4:$C$9664,"<"&D9,Discontinuities!$E$4:$E$9664,"=LC") -SUMIFS(Discontinuities!$D$4:$D$9664,Discontinuities!$A$4:$A$9664,A9,Discontinuities!$C$4:$C$9664,">="&C9,Discontinuities!$C$4:$C$9664,"<"&D9,Discontinuities!$E$4:$E$9664,"=FLT") -> 0 | X9: 0.5 - Massive | AB9: =IFERROR(ROUND((Data_Geotech[[#This Row],[Fault (m)]]+Data_Geotech[[#This Row],[Broken Core (m)]]+Data_Geotech[[#This Row],[Lost Core (m)]])*30,0),0) -> 0 | AC9: =IF(Data_Geotech[[#This Row],[Added fractures (BC, FLT, LC)]]+Data_Geotech[[#This Row],[Fracture per interval]]=0,99,1/((Data_Geotech[[#This Row],[Fracture per interval]]+Data_Geotech[[#This Row],[Added fractures (BC, FLT, LC)]])/Data_Geotech[[#This Row],[Run (m)]])) -> 99 | AD9: {=IFERROR(_xlfn.XLOOKUP(1,(A9=PLT!$A$4:$A$8886)*(Geotech!C9<=PLT!$F$4:$F$8886)*(Geotech!D9>=PLT!$F$4:$F$8886)*("Valid"=PLT!$P$4:$P$8886),PLT!$V$4:$V$8886),"")} -> 0 | AE9: {=IFERROR(_xlfn.XLOOKUP(1,(A9=PLT!$A$4:$A$8886)*(Geotech!C9<=PLT!$F$4:$F$8886)*(Geotech!D9>=PLT!$F$4:$F$8886)*(PLT!$V$4:$V$8886<>AD9)*("Valid"=PLT!$P$4:$P$7190),PLT!$V$4:$V$8886),"")} | AF9: {=IFERROR(_xlfn.XLOOKUP(1,(A9=PLT!$A$4:$A$8886)*(Geotech!C9<=PLT!$F$4:$F$8886)*(Geotech!D9>=PLT!$F$4:$F$8886)*(PLT!$V$4:$V$8886<>AD9)*(PLT!$V$4:$V$8886<>AE9)*("Valid"=PLT!$P$4:$P$7190),PLT!$V$4:$V$8886),"")} | AG9: =IFERROR(IF(AVERAGE(AD9:AF9)>References!$BO$23,References!$BP$23, IF(AVERAGE(AD9:AF9)>References!$BO$22,References!$BP$22, IF(AVERAGE(AD9:AF9)>References!$BO$21,References!$BP$21, IF(AVERAGE(AD9:AF9)>References!$BO$20,References!$BP$20, IF(AVERAGE(AD9:AF9)>References!$BO$19,References!$BP$19, IF(AVERAGE(AD9:AF9)>References!$BO$18,References!$BP$18, 0)))))),"") -> 0 | AH9: =IF(Data_Geotech[[#This Row],[Is50]]="",VLOOKUP(Data_Geotech[[#This Row],[Field Intact Rock Strength]],Table_RMR76_Strength[],2,FALSE),Data_Geotech[[#This Row],[Is50]]) -> 0 | AI9: =IF(Data_Geotech[[#This Row],[RQD (%)]]<=25,3,IF(Data_Geotech[[#This Row],[RQD (%)]]<=50,8,IF(Data_Geotech[[#This Row],[RQD (%)]]<=75,13,IF(Data_Geotech[[#This Row],[RQD (%)]]<=90,17,20)))) -> 20 | AJ9: =IF(Data_Geotech[[#This Row],[Joint spacing (m)]]<=0.05,5,IF(Data_Geotech[[#This Row],[Joint spacing (m)]]<=0.3,10,IF(Data_Geotech[[#This Row],[Joint spacing (m)]]<=1,20,IF(Data_Geotech[[#This Row],[Joint spacing (m)]]<=3,25,30)))) -> 30 | AK9: =IFERROR(AVERAGEIFS(Data_Discontinuities[[#All],[JCR]],Data_Discontinuities[[#All],[Hole ID]],"="&Data_Geotech[[#This Row],[Hole ID]],Data_Discontinuities[[#All],[Depth (m)]],">="&Data_Geotech[[#This Row],[From (m)]],Data_Discontinuities[[#All],[Depth (m)]],"<"&Data_Geotech[[#This Row],[To (m)]]),IF(Data_Geotech[[#This Row],[Added fractures (BC, FLT, LC)]]=0,IF(Data_Geotech[[#This Row],[Fracture per interval]]=0,25,6),6)) -> 25 | AL9: 10 | AM9: =IF(Data_Geotech[[#This Row],[FIRS Code]]="R",IFERROR(SUM(Data_Geotech[[#This Row],[RMR76 - Strength rating]:[RMR76 - Ground water rating]]),""),"") -> 85 | AN9: =IF(Data_Geotech[[#This Row],[FIRS Code]]="R",(2*Data_Geotech[[#This Row],[RMR76 - Joint condition rating]])+(IF(Data_Geotech[[#This Row],[RQD (%)]]>80,80/2,Data_Geotech[[#This Row],[RQD (%)]]/2)),"") -> 90 | AO9: =LEFT(Data_Geotech[[#This Row],[Joint Set Rating]],FIND("-",Data_Geotech[[#This Row],[Joint Set Rating]],1)-2) -> 0.5 | AP9: =IFERROR(AVERAGEIFS(Data_Discontinuities[[#All],[Jr/Ja]],Data_Discontinuities[[#All],[Hole ID]],"="&Data_Geotech[[#This Row],[Hole ID]],Data_Discontinuities[[#All],[Depth (m)]],">="&Data_Geotech[[#This Row],[From (m)]],Data_Discontinuities[[#All],[Depth (m)]],"<"&Data_Geotech[[#This Row],[To (m)]]),IF(Data_Geotech[[#This Row],[Added fractures (BC, FLT, LC)]]>Data_Geotech[[#This Row],[Fracture per interval]],1/4,IF(Data_Geotech[[#This Row],[Fracture per interval]]=0,4/0.75,"ERROR: should never happen!"))) -> 5.3333333 | AQ9: =1/1 -> 1 | AR9: =IF(Data_Geotech[[#This Row],[FIRS Code]]="R",IFERROR((IF(Data_Geotech[[#This Row],[RQD (%)]]<10,10,Data_Geotech[[#This Row],[RQD (%)]])/Data_Geotech[[#This Row],[Jn rating]])*Data_Geotech[[#This Row],[Jr/Ja]],""),"") | AS9: =IF(Data_Geotech[[#This Row],[FIRS Code]]="R",IFERROR((IF(Data_Geotech[[#This Row],[RQD (%)]]<10,10,Data_Geotech[[#This Row],[RQD (%)]])/Data_Geotech[[#This Row],[Jn rating]])*Data_Geotech[[#This Row],[Jr/Ja]]*Data_Geotech[[#This Row],[Jw/SRF]],""),"") | AU9: =100-Data_Geotech[[#This Row],[RQD (%)]] -> 0 | AV9: =100-Data_Geotech[[#This Row],[TCR (%)]] -> 8.3844043e-13 | AW9: =(Data_Geotech[[#This Row],[Fracture per interval]]+Data_Geotech[[#This Row],[Added fractures (BC, FLT, LC)]])/Data_Geotech[[#This Row],[TCR (m)]] -> 0 | AX9: R | AY9: =7-MID(Data_Geotech[[#This Row],[Field Intact Rock Strength]],2,1) -> 1 | AZ9: =VLOOKUP(Data_Geotech[[#This Row],[Field Intact Rock Strength]],Table_FieldStrength[],2,FALSE) -> 250 | BA9: =VLOOKUP(Data_Geotech[[#This Row],[Field Intact Rock Strength]],Table_FieldStrength[],3,FALSE) -> 275 | BB9: =VLOOKUP(Data_Geotech[[#This Row],[Field Intact Rock Strength]],Table_FieldStrength[],4,FALSE) -> 300 | BC9: =100-Data_Geotech[[#This Row],[RMR76]] -> 15 | BD9: =LEFT(Data_Geotech[[#This Row],[Weathering/Alteration]],FIND("-",Data_Geotech[[#This Row],[Weathering/Alteration]])-2) -> W1/A1
A10: COG-25-08 | B10: =VLOOKUP(Data_Geotech[[#This Row],[Hole ID]],Data_Log[],2,FALSE) -> CGF-01 | C10: 55.38 | D10: 56.93 | E10: =(Data_Geotech[[#This Row],[To (m)]]-Data_Geotech[[#This Row],[From (m)]])/2+Data_Geotech[[#This Row],[From (m)]] -> 56.155 | F10: =Data_Geotech[[#This Row],[To (m)]]-Data_Geotech[[#This Row],[From (m)]] -> 1.55 | G10: 1.55 | H10: =Data_Geotech[[#This Row],[TCR (m)]]/Data_Geotech[[#This Row],[Run (m)]]*100 -> 100 | I10: 1.54 | J10: 1.54 | K10: 1.54 | L10: =Data_Geotech[[#This Row],[RQD (m)]]/Data_Geotech[[#This Row],[Run Reel (m)]]*100 -> 100 | M10: Diorite | O10: W1/A1 - Fresh | P10: R6 - Extremely strong | Q10: 2 - Moderate | V10: 0 | W10: =SUMIFS(Discontinuities!$D$4:$D$9664,Discontinuities!$A$4:$A$9664,A10,Discontinuities!$C$4:$C$9664,">="&C10,Discontinuities!$C$4:$C$9664,"<"&D10) -SUMIFS(Discontinuities!$D$4:$D$9664,Discontinuities!$A$4:$A$9664,A10,Discontinuities!$C$4:$C$9664,">="&C10,Discontinuities!$C$4:$C$9664,"<"&D10,Discontinuities!$E$4:$E$9664,"=BC") -SUMIFS(Discontinuities!$D$4:$D$9664,Discontinuities!$A$4:$A$9664,A10,Discontinuities!$C$4:$C$9664,">="&C10,Discontinuities!$C$4:$C$9664,"<"&D10,Discontinuities!$E$4:$E$9664,"=LC") -SUMIFS(Discontinuities!$D$4:$D$9664,Discontinuities!$A$4:$A$9664,A10,Discontinuities!$C$4:$C$9664,">="&C10,Discontinuities!$C$4:$C$9664,"<"&D10,Discontinuities!$E$4:$E$9664,"=FLT") -> 0 | X10: 0.5 - Massive | AB10: =IFERROR(ROUND((Data_Geotech[[#This Row],[Fault (m)]]+Data_Geotech[[#This Row],[Broken Core (m)]]+Data_Geotech[[#This Row],[Lost Core (m)]])*30,0),0) -> 0 | AC10: =IF(Data_Geotech[[#This Row],[Added fractures (BC, FLT, LC)]]+Data_Geotech[[#This Row],[Fracture per interval]]=0,99,1/((Data_Geotech[[#This Row],[Fracture per interval]]+Data_Geotech[[#This Row],[Added fractures (BC, FLT, LC)]])/Data_Geotech[[#This Row],[Run (m)]])) -> 99 | AD10: {=IFERROR(_xlfn.XLOOKUP(1,(A10=PLT!$A$4:$A$8886)*(Geotech!C10<=PLT!$F$4:$F$8886)*(Geotech!D10>=PLT!$F$4:$F$8886)*("Valid"=PLT!$P$4:$P$8886),PLT!$V$4:$V$8886),"")} -> 0 | AE10: {=IFERROR(_xlfn.XLOOKUP(1,(A10=PLT!$A$4:$A$8886)*(Geotech!C10<=PLT!$F$4:$F$8886)*(Geotech!D10>=PLT!$F$4:$F$8886)*(PLT!$V$4:$V$8886<>AD10)*("Valid"=PLT!$P$4:$P$7190),PLT!$V$4:$V$8886),"")} | AF10: {=IFERROR(_xlfn.XLOOKUP(1,(A10=PLT!$A$4:$A$8886)*(Geotech!C10<=PLT!$F$4:$F$8886)*(Geotech!D10>=PLT!$F$4:$F$8886)*(PLT!$V$4:$V$8886<>AD10)*(PLT!$V$4:$V$8886<>AE10)*("Valid"=PLT!$P$4:$P$7190),PLT!$V$4:$V$8886),"")} | AG10: =IFERROR(IF(AVERAGE(AD10:AF10)>References!$BO$23,References!$BP$23, IF(AVERAGE(AD10:AF10)>References!$BO$22,References!$BP$22, IF(AVERAGE(AD10:AF10)>References!$BO$21,References!$BP$21, IF(AVERAGE(AD10:AF10)>References!$BO$20,References!$BP$20, IF(AVERAGE(AD10:AF10)>References!$BO$19,References!$BP$19, IF(AVERAGE(AD10:AF10)>References!$BO$18,References!$BP$18, 0)))))),"") -> 0 | AH10: =IF(Data_Geotech[[#This Row],[Is50]]="",VLOOKUP(Data_Geotech[[#This Row],[Field Intact Rock Strength]],Table_RMR76_Strength[],2,FALSE),Data_Geotech[[#This Row],[Is50]]) -> 0 | AI10: =IF(Data_Geotech[[#This Row],[RQD (%)]]<=25,3,IF(Data_Geotech[[#This Row],[RQD (%)]]<=50,8,IF(Data_Geotech[[#This Row],[RQD (%)]]<=75,13,IF(Data_Geotech[[#This Row],[RQD (%)]]<=90,17,20)))) -> 20 | AJ10: =IF(Data_Geotech[[#This Row],[Joint spacing (m)]]<=0.05,5,IF(Data_Geotech[[#This Row],[Joint spacing (m)]]<=0.3,10,IF(Data_Geotech[[#This Row],[Joint spacing (m)]]<=1,20,IF(Data_Geotech[[#This Row],[Joint spacing (m)]]<=3,25,30)))) -> 30 | AK10: =IFERROR(AVERAGEIFS(Data_Discontinuities[[#All],[JCR]],Data_Discontinuities[[#All],[Hole ID]],"="&Data_Geotech[[#This Row],[Hole ID]],Data_Discontinuities[[#All],[Depth (m)]],">="&Data_Geotech[[#This Row],[From (m)]],Data_Discontinuities[[#All],[Depth (m)]],"<"&Data_Geotech[[#This Row],[To (m)]]),IF(Data_Geotech[[#This Row],[Added fractures (BC, FLT, LC)]]=0,IF(Data_Geotech[[#This Row],[Fracture per interval]]=0,25,6),6)) -> 25 | AL10: 10 | AM10: =IF(Data_Geotech[[#This Row],[FIRS Code]]="R",IFERROR(SUM(Data_Geotech[[#This Row],[RMR76 - Strength rating]:[RMR76 - Ground water rating]]),""),"") -> 85 | AN10: =IF(Data_Geotech[[#This Row],[FIRS Code]]="R",(2*Data_Geotech[[#This Row],[RMR76 - Joint condition rating]])+(IF(Data_Geotech[[#This Row],[RQD (%)]]>80,80/2,Data_Geotech[[#This Row],[RQD (%)]]/2)),"") -> 90 | AO10: =LEFT(Data_Geotech[[#This Row],[Joint Set Rating]],FIND("-",Data_Geotech[[#This Row],[Joint Set Rating]],1)-2) -> 0.5 | AP10: =IFERROR(AVERAGEIFS(Data_Discontinuities[[#All],[Jr/Ja]],Data_Discontinuities[[#All],[Hole ID]],"="&Data_Geotech[[#This Row],[Hole ID]],Data_Discontinuities[[#All],[Depth (m)]],">="&Data_Geotech[[#This Row],[From (m)]],Data_Discontinuities[[#All],[Depth (m)]],"<"&Data_Geotech[[#This Row],[To (m)]]),IF(Data_Geotech[[#This Row],[Added fractures (BC, FLT, LC)]]>Data_Geotech[[#This Row],[Fracture per interval]],1/4,IF(Data_Geotech[[#This Row],[Fracture per interval]]=0,4/0.75,"ERROR: should never happen!"))) -> 5.3333333 | AQ10: =1/1 -> 1 | AR10: =IF(Data_Geotech[[#This Row],[FIRS Code]]="R",IFERROR((IF(Data_Geotech[[#This Row],[RQD (%)]]<10,10,Data_Geotech[[#This Row],[RQD (%)]])/Data_Geotech[[#This Row],[Jn rating]])*Data_Geotech[[#This Row],[Jr/Ja]],""),"") | AS10: =IF(Data_Geotech[[#This Row],[FIRS Code]]="R",IFERROR((IF(Data_Geotech[[#This Row],[RQD (%)]]<10,10,Data_Geotech[[#This Row],[RQD (%)]])/Data_Geotech[[#This Row],[Jn rating]])*Data_Geotech[[#This Row],[Jr/Ja]]*Data_Geotech[[#This Row],[Jw/SRF]],""),"") | AU10: =100-Data_Geotech[[#This Row],[RQD (%)]] -> 0 | AV10: =100-Data_Geotech[[#This Row],[TCR (%)]] -> -1.7053026e-13 | AW10: =(Data_Geotech[[#This Row],[Fracture per interval]]+Data_Geotech[[#This Row],[Added fractures (BC, FLT, LC)]])/Data_Geotech[[#This Row],[TCR (m)]] -> 0 | AX10: R | AY10: =7-MID(Data_Geotech[[#This Row],[Field Intact Rock Strength]],2,1) -> 1 | AZ10: =VLOOKUP(Data_Geotech[[#This Row],[Field Intact Rock Strength]],Table_FieldStrength[],2,FALSE) -> 250 | BA10: =VLOOKUP(Data_Geotech[[#This Row],[Field Intact Rock Strength]],Table_FieldStrength[],3,FALSE) -> 275 | BB10: =VLOOKUP(Data_Geotech[[#This Row],[Field Intact Rock Strength]],Table_FieldStrength[],4,FALSE) -> 300 | BC10: =100-Data_Geotech[[#This Row],[RMR76]] -> 15 | BD10: =LEFT(Data_Geotech[[#This Row],[Weathering/Alteration]],FIND("-",Data_Geotech[[#This Row],[Weathering/Alteration]])-2) -> W1/A1
A11: COG-25-08 | B11: =VLOOKUP(Data_Geotech[[#This Row],[Hole ID]],Data_Log[],2,FALSE) -> CGF-01 | C11: 56.93 | D11: 57.5 | E11: =(Data_Geotech[[#This Row],[To (m)]]-Data_Geotech[[#This Row],[From (m)]])/2+Data_Geotech[[#This Row],[From (m)]] -> 57.215 | F11: =Data_Geotech[[#This Row],[To (m)]]-Data_Geotech[[#This Row],[From (m)]] -> 0.57 | G11: 0.57 | H11: =Data_Geotech[[#This Row],[TCR (m)]]/Data_Geotech[[#This Row],[Run (m)]]*100 -> 100 | I11: 0.56 | J11: 0.56 | K11: 0.51 | L11: =Data_Geotech[[#This Row],[RQD (m)]]/Data_Geotech[[#This Row],[Run Reel (m)]]*100 -> 91.071429 | M11: Diorite | O11: W2/A2 - Slightly Weathered or Altered | P11: R5 - Very strong | Q11: 3 - Intense | V11: 3 | W11: =SUMIFS(Discontinuities!$D$4:$D$9664,Discontinuities!$A$4:$A$9664,A11,Discontinuities!$C$4:$C$9664,">="&C11,Discontinuities!$C$4:$C$9664,"<"&D11) -SUMIFS(Discontinuities!$D$4:$D$9664,Discontinuities!$A$4:$A$9664,A11,Discontinuities!$C$4:$C$9664,">="&C11,Discontinuities!$C$4:$C$9664,"<"&D11,Discontinuities!$E$4:$E$9664,"=BC") -SUMIFS(Discontinuities!$D$4:$D$9664,Discontinuities!$A$4:$A$9664,A11,Discontinuities!$C$4:$C$9664,">="&C11,Discontinuities!$C$4:$C$9664,"<"&D11,Discontinuities!$E$4:$E$9664,"=LC") -SUMIFS(Discontinuities!$D$4:$D$9664,Discontinuities!$A$4:$A$9664,A11,Discontinuities!$C$4:$C$9664,">="&C11,Discontinuities!$C$4:$C$9664,"<"&D11,Discontinuities!$E$4:$E$9664,"=FLT") -> 3 | X11: 2 - One joint set | AB11: =IFERROR(ROUND((Data_Geotech[[#This Row],[Fault (m)]]+Data_Geotech[[#This Row],[Broken Core (m)]]+Data_Geotech[[#This Row],[Lost Core (m)]])*30,0),0) -> 0 | AC11: =IF(Data_Geotech[[#This Row],[Added fractures (BC, FLT, LC)]]+Data_Geotech[[#This Row],[Fracture per interval]]=0,99,1/((Data_Geotech[[#This Row],[Fracture per interval]]+Data_Geotech[[#This Row],[Added fractures (BC, FLT, LC)]])/Data_Geotech[[#This Row],[Run (m)]])) -> 0.19 | AD11: {=IFERROR(_xlfn.XLOOKUP(1,(A11=PLT!$A$4:$A$8886)*(Geotech!C11<=PLT!$F$4:$F$8886)*(Geotech!D11>=PLT!$F$4:$F$8886)*("Valid"=PLT!$P$4:$P$8886),PLT!$V$4:$V$8886),"")} -> 0 | AE11: {=IFERROR(_xlfn.XLOOKUP(1,(A11=PLT!$A$4:$A$8886)*(Geotech!C11<=PLT!$F$4:$F$8886)*(Geotech!D11>=PLT!$F$4:$F$8886)*(PLT!$V$4:$V$8886<>AD11)*("Valid"=PLT!$P$4:$P$7190),PLT!$V$4:$V$8886),"")} | AF11: {=IFERROR(_xlfn.XLOOKUP(1,(A11=PLT!$A$4:$A$8886)*(Geotech!C11<=PLT!$F$4:$F$8886)*(Geotech!D11>=PLT!$F$4:$F$8886)*(PLT!$V$4:$V$8886<>AD11)*(PLT!$V$4:$V$8886<>AE11)*("Valid"=PLT!$P$4:$P$7190),PLT!$V$4:$V$8886),"")} | AG11: =IFERROR(IF(AVERAGE(AD11:AF11)>References!$BO$23,References!$BP$23, IF(AVERAGE(AD11:AF11)>References!$BO$22,References!$BP$22, IF(AVERAGE(AD11:AF11)>References!$BO$21,References!$BP$21, IF(AVERAGE(AD11:AF11)>References!$BO$20,References!$BP$20, IF(AVERAGE(AD11:AF11)>References!$BO$19,References!$BP$19, IF(AVERAGE(AD11:AF11)>References!$BO$18,References!$BP$18, 0)))))),"") -> 0 | AH11: =IF(Data_Geotech[[#This Row],[Is50]]="",VLOOKUP(Data_Geotech[[#This Row],[Field Intact Rock Strength]],Table_RMR76_Strength[],2,FALSE),Data_Geotech[[#This Row],[Is50]]) -> 0 | AI11: =IF(Data_Geotech[[#This Row],[RQD (%)]]<=25,3,IF(Data_Geotech[[#This Row],[RQD (%)]]<=50,8,IF(Data_Geotech[[#This Row],[RQD (%)]]<=75,13,IF(Data_Geotech[[#This Row],[RQD (%)]]<=90,17,20)))) -> 20 | AJ11: =IF(Data_Geotech[[#This Row],[Joint spacing (m)]]<=0.05,5,IF(Data_Geotech[[#This Row],[Joint spacing (m)]]<=0.3,10,IF(Data_Geotech[[#This Row],[Joint spacing (m)]]<=1,20,IF(Data_Geotech[[#This Row],[Joint spacing (m)]]<=3,25,30)))) -> 10 | AK11: =IFERROR(AVERAGEIFS(Data_Discontinuities[[#All],[JCR]],Data_Discontinuities[[#All],[Hole ID]],"="&Data_Geotech[[#This Row],[Hole ID]],Data_Discontinuities[[#All],[Depth (m)]],">="&Data_Geotech[[#This Row],[From (m)]],Data_Discontinuities[[#All],[Depth (m)]],"<"&Data_Geotech[[#This Row],[To (m)]]),IF(Data_Geotech[[#This Row],[Added fractures (BC, FLT, LC)]]=0,IF(Data_Geotech[[#This Row],[Fracture per interval]]=0,25,6),6)) -> 14.666667 | AL11: 10 | AM11: =IF(Data_Geotech[[#This Row],[FIRS Code]]="R",IFERROR(SUM(Data_Geotech[[#This Row],[RMR76 - Strength rating]:[RMR76 - Ground water rating]]),""),"") -> 54.666667 | AN11: =IF(Data_Geotech[[#This Row],[FIRS Code]]="R",(2*Data_Geotech[[#This Row],[RMR76 - Joint condition rating]])+(IF(Data_Geotech[[#This Row],[RQD (%)]]>80,80/2,Data_Geotech[[#This Row],[RQD (%)]]/2)),"") -> 69.333333 | AO11: =LEFT(Data_Geotech[[#This Row],[Joint Set Rating]],FIND("-",Data_Geotech[[#This Row],[Joint Set Rating]],1)-2) -> 2 | AP11: =IFERROR(AVERAGEIFS(Data_Discontinuities[[#All],[Jr/Ja]],Data_Discontinuities[[#All],[Hole ID]],"="&Data_Geotech[[#This Row],[Hole ID]],Data_Discontinuities[[#All],[Depth (m)]],">="&Data_Geotech[[#This Row],[From (m)]],Data_Discontinuities[[#All],[Depth (m)]],"<"&Data_Geotech[[#This Row],[To (m)]]),IF(Data_Geotech[[#This Row],[Added fractures (BC, FLT, LC)]]>Data_Geotech[[#This Row],[Fracture per interval]],1/4,IF(Data_Geotech[[#This Row],[Fracture per interval]]=0,4/0.75,"ERROR: should never happen!"))) -> 0.58333333 | AQ11: =1/1 -> 1 | AR11: =IF(Data_Geotech[[#This Row],[FIRS Code]]="R",IFERROR((IF(Data_Geotech[[#This Row],[RQD (%)]]<10,10,Data_Geotech[[#This Row],[RQD (%)]])/Data_Geotech[[#This Row],[Jn rating]])*Data_Geotech[[#This Row],[Jr/Ja]],""),"") -> 26.5625 | AS11: =IF(Data_Geotech[[#This Row],[FIRS Code]]="R",IFERROR((IF(Data_Geotech[[#This Row],[RQD (%)]]<10,10,Data_Geotech[[#This Row],[RQD (%)]])/Data_Geotech[[#This Row],[Jn rating]])*Data_Geotech[[#This Row],[Jr/Ja]]*Data_Geotech[[#This Row],[Jw/SRF]],""),"") -> 26.5625 | AU11: =100-Data_Geotech[[#This Row],[RQD (%)]] -> 8.9285714 | AV11: =100-Data_Geotech[[#This Row],[TCR (%)]] -> 0 | AW11: =(Data_Geotech[[#This Row],[Fracture per interval]]+Data_Geotech[[#This Row],[Added fractures (BC, FLT, LC)]])/Data_Geotech[[#This Row],[TCR (m)]] -> 5.2631579 | AX11: R | AY11: =7-MID(Data_Geotech[[#This Row],[Field Intact Rock Strength]],2,1) -> 2 | AZ11: =VLOOKUP(Data_Geotech[[#This Row],[Field Intact Rock Strength]],Table_FieldStrength[],2,FALSE) -> 100 | BA11: =VLOOKUP(Data_Geotech[[#This Row],[Field Intact Rock Strength]],Table_FieldStrength[],3,FALSE) -> 175 | BB11: =VLOOKUP(Data_Geotech[[#This Row],[Field Intact Rock Strength]],Table_FieldStrength[],4,FALSE) -> 250 | BC11: =100-Data_Geotech[[#This Row],[RMR76]] -> 45.333333 | BD11: =LEFT(Data_Geotech[[#This Row],[Weathering/Alteration]],FIND("-",Data_Geotech[[#This Row],[Weathering/Alteration]])-2) -> W2/A2
A12: COG-25-08 | B12: =VLOOKUP(Data_Geotech[[#This Row],[Hole ID]],Data_Log[],2,FALSE) -> CGF-01 | C12: 57.5 | D12: 60 | E12: =(Data_Geotech[[#This Row],[To (m)]]-Data_Geotech[[#This Row],[From (m)]])/2+Data_Geotech[[#This Row],[From (m)]] -> 58.75 | F12: =Data_Geotech[[#This Row],[To (m)]]-Data_Geotech[[#This Row],[From (m)]] -> 2.5 | G12: 2.5 | H12: =Data_Geotech[[#This Row],[TCR (m)]]/Data_Geotech[[#This Row],[Run (m)]]*100 -> 100 | I12: 2.5 | J12: 2.5 | K12: =2.5-0.11-0.08 -> 2.31 | L12: =Data_Geotech[[#This Row],[RQD (m)]]/Data_Geotech[[#This Row],[Run Reel (m)]]*100 -> 92.4 | M12: Boulamarque granodiorite | O12: W2/A2 - Slightly Weathered or Altered | P12: R5 - Very strong | Q12: 1 - Weak | V12: 6 | W12: =SUMIFS(Discontinuities!$D$4:$D$9664,Discontinuities!$A$4:$A$9664,A12,Discontinuities!$C$4:$C$9664,">="&C12,Discontinuities!$C$4:$C$9664,"<"&D12) -SUMIFS(Discontinuities!$D$4:$D$9664,Discontinuities!$A$4:$A$9664,A12,Discontinuities!$C$4:$C$9664,">="&C12,Discontinuities!$C$4:$C$9664,"<"&D12,Discontinuities!$E$4:$E$9664,"=BC") -SUMIFS(Discontinuities!$D$4:$D$9664,Discontinuities!$A$4:$A$9664,A12,Discontinuities!$C$4:$C$9664,">="&C12,Discontinuities!$C$4:$C$9664,"<"&D12,Discontinuities!$E$4:$E$9664,"=LC") -SUMIFS(Discontinuities!$D$4:$D$9664,Discontinuities!$A$4:$A$9664,A12,Discontinuities!$C$4:$C$9664,">="&C12,Discontinuities!$C$4:$C$9664,"<"&D12,Discontinuities!$E$4:$E$9664,"=FLT") -> 6 | X12: 6 - Two joint sets plus random joint (s) | Z12: 57.5-63 weak shear | AB12: =IFERROR(ROUND((Data_Geotech[[#This Row],[Fault (m)]]+Data_Geotech[[#This Row],[Broken Core (m)]]+Data_Geotech[[#This Row],[Lost Core (m)]])*30,0),0) -> 0 | AC12: =IF(Data_Geotech[[#This Row],[Added fractures (BC, FLT, LC)]]+Data_Geotech[[#This Row],[Fracture per interval]]=0,99,1/((Data_Geotech[[#This Row],[Fracture per interval]]+Data_Geotech[[#This Row],[Added fractures (BC, FLT, LC)]])/Data_Geotech[[#This Row],[Run (m)]])) -> 0.41666667 | AD12: {=IFERROR(_xlfn.XLOOKUP(1,(A12=PLT!$A$4:$A$8886)*(Geotech!C12<=PLT!$F$4:$F$8886)*(Geotech!D12>=PLT!$F$4:$F$8886)*("Valid"=PLT!$P$4:$P$8886),PLT!$V$4:$V$8886),"")} -> 0 | AE12: {=IFERROR(_xlfn.XLOOKUP(1,(A12=PLT!$A$4:$A$8886)*(Geotech!C12<=PLT!$F$4:$F$8886)*(Geotech!D12>=PLT!$F$4:$F$8886)*(PLT!$V$4:$V$8886<>AD12)*("Valid"=PLT!$P$4:$P$7190),PLT!$V$4:$V$8886),"")} | AF12: {=IFERROR(_xlfn.XLOOKUP(1,(A12=PLT!$A$4:$A$8886)*(Geotech!C12<=PLT!$F$4:$F$8886)*(Geotech!D12>=PLT!$F$4:$F$8886)*(PLT!$V$4:$V$8886<>AD12)*(PLT!$V$4:$V$8886<>AE12)*("Valid"=PLT!$P$4:$P$7190),PLT!$V$4:$V$8886),"")} | AG12: =IFERROR(IF(AVERAGE(AD12:AF12)>References!$BO$23,References!$BP$23, IF(AVERAGE(AD12:AF12)>References!$BO$22,References!$BP$22, IF(AVERAGE(AD12:AF12)>References!$BO$21,References!$BP$21, IF(AVERAGE(AD12:AF12)>References!$BO$20,References!$BP$20, IF(AVERAGE(AD12:AF12)>References!$BO$19,References!$BP$19, IF(AVERAGE(AD12:AF12)>References!$BO$18,References!$BP$18, 0)))))),"") -> 0 | AH12: =IF(Data_Geotech[[#This Row],[Is50]]="",VLOOKUP(Data_Geotech[[#This Row],[Field Intact Rock Strength]],Table_RMR76_Strength[],2,FALSE),Data_Geotech[[#This Row],[Is50]]) -> 0 | AI12: =IF(Data_Geotech[[#This Row],[RQD (%)]]<=25,3,IF(Data_Geotech[[#This Row],[RQD (%)]]<=50,8,IF(Data_Geotech[[#This Row],[RQD (%)]]<=75,13,IF(Data_Geotech[[#This Row],[RQD (%)]]<=90,17,20)))) -> 20 | AJ12: =IF(Data_Geotech[[#This Row],[Joint spacing (m)]]<=0.05,5,IF(Data_Geotech[[#This Row],[Joint spacing (m)]]<=0.3,10,IF(Data_Geotech[[#This Row],[Joint spacing (m)]]<=1,20,IF(Data_Geotech[[#This Row],[Joint spacing (m)]]<=3,25,30)))) -> 20 | AK12: =IFERROR(AVERAGEIFS(Data_Discontinuities[[#All],[JCR]],Data_Discontinuities[[#All],[Hole ID]],"="&Data_Geotech[[#This Row],[Hole ID]],Data_Discontinuities[[#All],[Depth (m)]],">="&Data_Geotech[[#This Row],[From (m)]],Data_Discontinuities[[#All],[Depth (m)]],"<"&Data_Geotech[[#This Row],[To (m)]]),IF(Data_Geotech[[#This Row],[Added fractures (BC, FLT, LC)]]=0,IF(Data_Geotech[[#This Row],[Fracture per interval]]=0,25,6),6)) -> 22.5 | AL12: 10 | AM12: =IF(Data_Geotech[[#This Row],[FIRS Code]]="R",IFERROR(SUM(Data_Geotech[[#This Row],[RMR76 - Strength rating]:[RMR76 - Ground water rating]]),""),"") -> 72.5 | AN12: =IF(Data_Geotech[[#This Row],[FIRS Code]]="R",(2*Data_Geotech[[#This Row],[RMR76 - Joint condition rating]])+(IF(Data_Geotech[[#This Row],[RQD (%)]]>80,80/2,Data_Geotech[[#This Row],[RQD (%)]]/2)),"") -> 85 | AO12: =LEFT(Data_Geotech[[#This Row],[Joint Set Rating]],FIND("-",Data_Geotech[[#This Row],[Joint Set Rating]],1)-2) -> 6 | AP12: =IFERROR(AVERAGEIFS(Data_Discontinuities[[#All],[Jr/Ja]],Data_Discontinuities[[#All],[Hole ID]],"="&Data_Geotech[[#This Row],[Hole ID]],Data_Discontinuities[[#All],[Depth (m)]],">="&Data_Geotech[[#This Row],[From (m)]],Data_Discontinuities[[#All],[Depth (m)]],"<"&Data_Geotech[[#This Row],[To (m)]]),IF(Data_Geotech[[#This Row],[Added fractures (BC, FLT, LC)]]>Data_Geotech[[#This Row],[Fracture per interval]],1/4,IF(Data_Geotech[[#This Row],[Fracture per interval]]=0,4/0.75,"ERROR: should never happen!"))) -> 1.125 | AQ12: =1/1 -> 1 | AR12: =IF(Data_Geotech[[#This Row],[FIRS Code]]="R",IFERROR((IF(Data_Geotech[[#This Row],[RQD (%)]]<10,10,Data_Geotech[[#This Row],[RQD (%)]])/Data_Geotech[[#This Row],[Jn rating]])*Data_Geotech[[#This Row],[Jr/Ja]],""),"") -> 17.325 | AS12: =IF(Data_Geotech[[#This Row],[FIRS Code]]="R",IFERROR((IF(Data_Geotech[[#This Row],[RQD (%)]]<10,10,Data_Geotech[[#This Row],[RQD (%)]])/Data_Geotech[[#This Row],[Jn rating]])*Data_Geotech[[#This Row],[Jr/Ja]]*Data_Geotech[[#This Row],[Jw/SRF]],""),"") -> 17.325 | AU12: =100-Data_Geotech[[#This Row],[RQD (%)]] -> 7.6 | AV12: =100-Data_Geotech[[#This Row],[TCR (%)]] -> 0 | AW12: =(Data_Geotech[[#This Row],[Fracture per interval]]+Data_Geotech[[#This Row],[Added fractures (BC, FLT, LC)]])/Data_Geotech[[#This Row],[TCR (m)]] -> 2.4 | AX12: R | AY12: =7-MID(Data_Geotech[[#This Row],[Field Intact Rock Strength]],2,1) -> 2 | AZ12: =VLOOKUP(Data_Geotech[[#This Row],[Field Intact Rock Strength]],Table_FieldStrength[],2,FALSE) -> 100 | BA12: =VLOOKUP(Data_Geotech[[#This Row],[Field Intact Rock Strength]],Table_FieldStrength[],3,FALSE) -> 175 | BB12: =VLOOKUP(Data_Geotech[[#This Row],[Field Intact Rock Strength]],Table_FieldStrength[],4,FALSE) -> 250 | BC12: =100-Data_Geotech[[#This Row],[RMR76]] -> 27.5 | BD12: =LEFT(Data_Geotech[[#This Row],[Weathering/Alteration]],FIND("-",Data_Geotech[[#This Row],[Weathering/Alteration]])-2) -> W2/A2
A13: COG-25-08 | B13: =VLOOKUP(Data_Geotech[[#This Row],[Hole ID]],Data_Log[],2,FALSE) -> CGF-01 | C13: 60 | D13: 63.04 | E13: =(Data_Geotech[[#This Row],[To (m)]]-Data_Geotech[[#This Row],[From (m)]])/2+Data_Geotech[[#This Row],[From (m)]] -> 61.52 | F13: =Data_Geotech[[#This Row],[To (m)]]-Data_Geotech[[#This Row],[From (m)]] -> 3.04 | G13: 3.04 | H13: =Data_Geotech[[#This Row],[TCR (m)]]/Data_Geotech[[#This Row],[Run (m)]]*100 -> 100 | I13: 3.07 | J13: 3.07 | K13: 3.01 | L13: =Data_Geotech[[#This Row],[RQD (m)]]/Data_Geotech[[#This Row],[Run Reel (m)]]*100 -> 98.045603 | M13: Boulamarque granodiorite | O13: W2/A2 - Slightly Weathered or Altered | P13: R6 - Extremely strong | Q13: 1 - Weak | V13: 7 | W13: =SUMIFS(Discontinuities!$D$4:$D$9664,Discontinuities!$A$4:$A$9664,A13,Discontinuities!$C$4:$C$9664,">="&C13,Discontinuities!$C$4:$C$9664,"<"&D13) -SUMIFS(Discontinuities!$D$4:$D$9664,Discontinuities!$A$4:$A$9664,A13,Discontinuities!$C$4:$C$9664,">="&C13,Discontinuities!$C$4:$C$9664,"<"&D13,Discontinuities!$E$4:$E$9664,"=BC") -SUMIFS(Discontinuities!$D$4:$D$9664,Discontinuities!$A$4:$A$9664,A13,Discontinuities!$C$4:$C$9664,">="&C13,Discontinuities!$C$4:$C$9664,"<"&D13,Discontinuities!$E$4:$E$9664,"=LC") -SUMIFS(Discontinuities!$D$4:$D$9664,Discontinuities!$A$4:$A$9664,A13,Discontinuities!$C$4:$C$9664,">="&C13,Discontinuities!$C$4:$C$9664,"<"&D13,Discontinuities!$E$4:$E$9664,"=FLT") -> 7 | X13: 6 - Two joint sets plus random joint (s) | Z13: 57.5-63 weak shear | AB13: =IFERROR(ROUND((Data_Geotech[[#This Row],[Fault (m)]]+Data_Geotech[[#This Row],[Broken Core (m)]]+Data_Geotech[[#This Row],[Lost Core (m)]])*30,0),0) -> 0 | AC13: =IF(Data_Geotech[[#This Row],[Added fractures (BC, FLT, LC)]]+Data_Geotech[[#This Row],[Fracture per interval]]=0,99,1/((Data_Geotech[[#This Row],[Fracture per interval]]+Data_Geotech[[#This Row],[Added fractures (BC, FLT, LC)]])/Data_Geotech[[#This Row],[Run (m)]])) -> 0.43428571 | AD13: {=IFERROR(_xlfn.XLOOKUP(1,(A13=PLT!$A$4:$A$8886)*(Geotech!C13<=PLT!$F$4:$F$8886)*(Geotech!D13>=PLT!$F$4:$F$8886)*("Valid"=PLT!$P$4:$P$8886),PLT!$V$4:$V$8886),"")} -> 0 | AE13: {=IFERROR(_xlfn.XLOOKUP(1,(A13=PLT!$A$4:$A$8886)*(Geotech!C13<=PLT!$F$4:$F$8886)*(Geotech!D13>=PLT!$F$4:$F$8886)*(PLT!$V$4:$V$8886<>AD13)*("Valid"=PLT!$P$4:$P$7190),PLT!$V$4:$V$8886),"")} | AF13: {=IFERROR(_xlfn.XLOOKUP(1,(A13=PLT!$A$4:$A$8886)*(Geotech!C13<=PLT!$F$4:$F$8886)*(Geotech!D13>=PLT!$F$4:$F$8886)*(PLT!$V$4:$V$8886<>AD13)*(PLT!$V$4:$V$8886<>AE13)*("Valid"=PLT!$P$4:$P$7190),PLT!$V$4:$V$8886),"")} | AG13: =IFERROR(IF(AVERAGE(AD13:AF13)>References!$BO$23,References!$BP$23, IF(AVERAGE(AD13:AF13)>References!$BO$22,References!$BP$22, IF(AVERAGE(AD13:AF13)>References!$BO$21,References!$BP$21, IF(AVERAGE(AD13:AF13)>References!$BO$20,References!$BP$20, IF(AVERAGE(AD13:AF13)>References!$BO$19,References!$BP$19, IF(AVERAGE(AD13:AF13)>References!$BO$18,References!$BP$18, 0)))))),"") -> 0 | AH13: =IF(Data_Geotech[[#This Row],[Is50]]="",VLOOKUP(Data_Geotech[[#This Row],[Field Intact Rock Strength]],Table_RMR76_Strength[],2,FALSE),Data_Geotech[[#This Row],[Is50]]) -> 0 | AI13: =IF(Data_Geotech[[#This Row],[RQD (%)]]<=25,3,IF(Data_Geotech[[#This Row],[RQD (%)]]<=50,8,IF(Data_Geotech[[#This Row],[RQD (%)]]<=75,13,IF(Data_Geotech[[#This Row],[RQD (%)]]<=90,17,20)))) -> 20 | AJ13: =IF(Data_Geotech[[#This Row],[Joint spacing (m)]]<=0.05,5,IF(Data_Geotech[[#This Row],[Joint spacing (m)]]<=0.3,10,IF(Data_Geotech[[#This Row],[Joint spacing (m)]]<=1,20,IF(Data_Geotech[[#This Row],[Joint spacing (m)]]<=3,25,30)))) -> 20 | AK13: =IFERROR(AVERAGEIFS(Data_Discontinuities[[#All],[JCR]],Data_Discontinuities[[#All],[Hole ID]],"="&Data_Geotech[[#This Row],[Hole ID]],Data_Discontinuities[[#All],[Depth (m)]],">="&Data_Geotech[[#This Row],[From (m)]],Data_Discontinuities[[#All],[Depth (m)]],"<"&Data_Geotech[[#This Row],[To (m)]]),IF(Data_Geotech[[#This Row],[Added fractures (BC, FLT, LC)]]=0,IF(Data_Geotech[[#This Row],[Fracture per interval]]=0,25,6),6)) -> 22.142857 | AL13: 10 | AM13: =IF(Data_Geotech[[#This Row],[FIRS Code]]="R",IFERROR(SUM(Data_Geotech[[#This Row],[RMR76 - Strength rating]:[RMR76 - Ground water rating]]),""),"") -> 72.142857 | AN13: =IF(Data_Geotech[[#This Row],[FIRS Code]]="R",(2*Data_Geotech[[#This Row],[RMR76 - Joint condition rating]])+(IF(Data_Geotech[[#This Row],[RQD (%)]]>80,80/2,Data_Geotech[[#This Row],[RQD (%)]]/2)),"") -> 84.285714 | AO13: =LEFT(Data_Geotech[[#This Row],[Joint Set Rating]],FIND("-",Data_Geotech[[#This Row],[Joint Set Rating]],1)-2) -> 6 | AP13: =IFERROR(AVERAGEIFS(Data_Discontinuities[[#All],[Jr/Ja]],Data_Discontinuities[[#All],[Hole ID]],"="&Data_Geotech[[#This Row],[Hole ID]],Data_Discontinuities[[#All],[Depth (m)]],">="&Data_Geotech[[#This Row],[From (m)]],Data_Discontinuities[[#All],[Depth (m)]],"<"&Data_Geotech[[#This Row],[To (m)]]),IF(Data_Geotech[[#This Row],[Added fractures (BC, FLT, LC)]]>Data_Geotech[[#This Row],[Fracture per interval]],1/4,IF(Data_Geotech[[#This Row],[Fracture per interval]]=0,4/0.75,"ERROR: should never happen!"))) -> 1.1071429 | AQ13: =1/1 -> 1 | AR13: =IF(Data_Geotech[[#This Row],[FIRS Code]]="R",IFERROR((IF(Data_Geotech[[#This Row],[RQD (%)]]<10,10,Data_Geotech[[#This Row],[RQD (%)]])/Data_Geotech[[#This Row],[Jn rating]])*Data_Geotech[[#This Row],[Jr/Ja]],""),"") -> 18.091748 | AS13: =IF(Data_Geotech[[#This Row],[FIRS Code]]="R",IFERROR((IF(Data_Geotech[[#This Row],[RQD (%)]]<10,10,Data_Geotech[[#This Row],[RQD (%)]])/Data_Geotech[[#This Row],[Jn rating]])*Data_Geotech[[#This Row],[Jr/Ja]]*Data_Geotech[[#This Row],[Jw/SRF]],""),"") -> 18.091748 | AU13: =100-Data_Geotech[[#This Row],[RQD (%)]] -> 1.9543974 | AV13: =100-Data_Geotech[[#This Row],[TCR (%)]] -> 0 | AW13: =(Data_Geotech[[#This Row],[Fracture per interval]]+Data_Geotech[[#This Row],[Added fractures (BC, FLT, LC)]])/Data_Geotech[[#This Row],[TCR (m)]] -> 2.3026316 | AX13: R | AY13: =7-MID(Data_Geotech[[#This Row],[Field Intact Rock Strength]],2,1) -> 1 | AZ13: =VLOOKUP(Data_Geotech[[#This Row],[Field Intact Rock Strength]],Table_FieldStrength[],2,FALSE) -> 250 | BA13: =VLOOKUP(Data_Geotech[[#This Row],[Field Intact Rock Strength]],Table_FieldStrength[],3,FALSE) -> 275 | BB13: =VLOOKUP(Data_Geotech[[#This Row],[Field Intact Rock Strength]],Table_FieldStrength[],4,FALSE) -> 300 | BC13: =100-Data_Geotech[[#This Row],[RMR76]] -> 27.857143 | BD13: =LEFT(Data_Geotech[[#This Row],[Weathering/Alteration]],FIND("-",Data_Geotech[[#This Row],[Weathering/Alteration]])-2) -> W2/A2
A14: COG-25-08 | B14: =VLOOKUP(Data_Geotech[[#This Row],[Hole ID]],Data_Log[],2,FALSE) -> CGF-01 | C14: 63.04 | D14: 63.5 | E14: =(Data_Geotech[[#This Row],[To (m)]]-Data_Geotech[[#This Row],[From (m)]])/2+Data_Geotech[[#This Row],[From (m)]] -> 63.27 | F14: =Data_Geotech[[#This Row],[To (m)]]-Data_Geotech[[#This Row],[From (m)]] -> 0.46 | G14: 0.46 | H14: =Data_Geotech[[#This Row],[TCR (m)]]/Data_Geotech[[#This Row],[Run (m)]]*100 -> 100 | I14: 0.46 | J14: 0.46 | K14: 0.46 | L14: =Data_Geotech[[#This Row],[RQD (m)]]/Data_Geotech[[#This Row],[Run Reel (m)]]*100 -> 100 | M14: Boulamarque granodiorite | O14: W2/A2 - Slightly Weathered or Altered | P14: R3 - Moderately strong | Q14: 2 - Moderate | V14: 1 | W14: =SUMIFS(Discontinuities!$D$4:$D$9664,Discontinuities!$A$4:$A$9664,A14,Discontinuities!$C$4:$C$9664,">="&C14,Discontinuities!$C$4:$C$9664,"<"&D14) -SUMIFS(Discontinuities!$D$4:$D$9664,Discontinuities!$A$4:$A$9664,A14,Discontinuities!$C$4:$C$9664,">="&C14,Discontinuities!$C$4:$C$9664,"<"&D14,Discontinuities!$E$4:$E$9664,"=BC") -SUMIFS(Discontinuities!$D$4:$D$9664,Discontinuities!$A$4:$A$9664,A14,Discontinuities!$C$4:$C$9664,">="&C14,Discontinuities!$C$4:$C$9664,"<"&D14,Discontinuities!$E$4:$E$9664,"=LC") -SUMIFS(Discontinuities!$D$4:$D$9664,Discontinuities!$A$4:$A$9664,A14,Discontinuities!$C$4:$C$9664,">="&C14,Discontinuities!$C$4:$C$9664,"<"&D14,Discontinuities!$E$4:$E$9664,"=FLT") -> 1 | X14: 2 - One joint set | AB14: =IFERROR(ROUND((Data_Geotech[[#This Row],[Fault (m)]]+Data_Geotech[[#This Row],[Broken Core (m)]]+Data_Geotech[[#This Row],[Lost Core (m)]])*30,0),0) -> 0 | AC14: =IF(Data_Geotech[[#This Row],[Added fractures (BC, FLT, LC)]]+Data_Geotech[[#This Row],[Fracture per interval]]=0,99,1/((Data_Geotech[[#This Row],[Fracture per interval]]+Data_Geotech[[#This Row],[Added fractures (BC, FLT, LC)]])/Data_Geotech[[#This Row],[Run (m)]])) -> 0.46 | AD14: {=IFERROR(_xlfn.XLOOKUP(1,(A14=PLT!$A$4:$A$8886)*(Geotech!C14<=PLT!$F$4:$F$8886)*(Geotech!D14>=PLT!$F$4:$F$8886)*("Valid"=PLT!$P$4:$P$8886),PLT!$V$4:$V$8886),"")} | AE14: {=IFERROR(_xlfn.XLOOKUP(1,(A14=PLT!$A$4:$A$8886)*(Geotech!C14<=PLT!$F$4:$F$8886)*(Geotech!D14>=PLT!$F$4:$F$8886)*(PLT!$V$4:$V$8886<>AD14)*("Valid"=PLT!$P$4:$P$7190),PLT!$V$4:$V$8886),"")} | AF14: {=IFERROR(_xlfn.XLOOKUP(1,(A14=PLT!$A$4:$A$8886)*(Geotech!C14<=PLT!$F$4:$F$8886)*(Geotech!D14>=PLT!$F$4:$F$8886)*(PLT!$V$4:$V$8886<>AD14)*(PLT!$V$4:$V$8886<>AE14)*("Valid"=PLT!$P$4:$P$7190),PLT!$V$4:$V$8886),"")} | AG14: =IFERROR(IF(AVERAGE(AD14:AF14)>References!$BO$23,References!$BP$23, IF(AVERAGE(AD14:AF14)>References!$BO$22,References!$BP$22, IF(AVERAGE(AD14:AF14)>References!$BO$21,References!$BP$21, IF(AVERAGE(AD14:AF14)>References!$BO$20,References!$BP$20, IF(AVERAGE(AD14:AF14)>References!$BO$19,References!$BP$19, IF(AVERAGE(AD14:AF14)>References!$BO$18,References!$BP$18, 0)))))),"") | AH14: =IF(Data_Geotech[[#This Row],[Is50]]="",VLOOKUP(Data_Geotech[[#This Row],[Field Intact Rock Strength]],Table_RMR76_Strength[],2,FALSE),Data_Geotech[[#This Row],[Is50]]) -> 4 | AI14: =IF(Data_Geotech[[#This Row],[RQD (%)]]<=25,3,IF(Data_Geotech[[#This Row],[RQD (%)]]<=50,8,IF(Data_Geotech[[#This Row],[RQD (%)]]<=75,13,IF(Data_Geotech[[#This Row],[RQD (%)]]<=90,17,20)))) -> 20 | AJ14: =IF(Data_Geotech[[#This Row],[Joint spacing (m)]]<=0.05,5,IF(Data_Geotech[[#This Row],[Joint spacing (m)]]<=0.3,10,IF(Data_Geotech[[#This Row],[Joint spacing (m)]]<=1,20,IF(Data_Geotech[[#This Row],[Joint spacing (m)]]<=3,25,30)))) -> 20 | AK14: =IFERROR(AVERAGEIFS(Data_Discontinuities[[#All],[JCR]],Data_Discontinuities[[#All],[Hole ID]],"="&Data_Geotech[[#This Row],[Hole ID]],Data_Discontinuities[[#All],[Depth (m)]],">="&Data_Geotech[[#This Row],[From (m)]],Data_Discontinuities[[#All],[Depth (m)]],"<"&Data_Geotech[[#This Row],[To (m)]]),IF(Data_Geotech[[#This Row],[Added fractures (BC, FLT, LC)]]=0,IF(Data_Geotech[[#This Row],[Fracture per interval]]=0,25,6),6)) -> 12 | AL14: 10 | AM14: =IF(Data_Geotech[[#This Row],[FIRS Code]]="R",IFERROR(SUM(Data_Geotech[[#This Row],[RMR76 - Strength rating]:[RMR76 - Ground water rating]]),""),"") -> 66 | AN14: =IF(Data_Geotech[[#This Row],[FIRS Code]]="R",(2*Data_Geotech[[#This Row],[RMR76 - Joint condition rating]])+(IF(Data_Geotech[[#This Row],[RQD (%)]]>80,80/2,Data_Geotech[[#This Row],[RQD (%)]]/2)),"") -> 64 | AO14: =LEFT(Data_Geotech[[#This Row],[Joint Set Rating]],FIND("-",Data_Geotech[[#This Row],[Joint Set Rating]],1)-2) -> 2 | AP14: =IFERROR(AVERAGEIFS(Data_Discontinuities[[#All],[Jr/Ja]],Data_Discontinuities[[#All],[Hole ID]],"="&Data_Geotech[[#This Row],[Hole ID]],Data_Discontinuities[[#All],[Depth (m)]],">="&Data_Geotech[[#This Row],[From (m)]],Data_Discontinuities[[#All],[Depth (m)]],"<"&Data_Geotech[[#This Row],[To (m)]]),IF(Data_Geotech[[#This Row],[Added fractures (BC, FLT, LC)]]>Data_Geotech[[#This Row],[Fracture per interval]],1/4,IF(Data_Geotech[[#This Row],[Fracture per interval]]=0,4/0.75,"ERROR: should never happen!"))) -> 0.5 | AQ14: =1/1 -> 1 | AR14: =IF(Data_Geotech[[#This Row],[FIRS Code]]="R",IFERROR((IF(Data_Geotech[[#This Row],[RQD (%)]]<10,10,Data_Geotech[[#This Row],[RQD (%)]])/Data_Geotech[[#This Row],[Jn rating]])*Data_Geotech[[#This Row],[Jr/Ja]],""),"") -> 25 | AS14: =IF(Data_Geotech[[#This Row],[FIRS Code]]="R",IFERROR((IF(Data_Geotech[[#This Row],[RQD (%)]]<10,10,Data_Geotech[[#This Row],[RQD (%)]])/Data_Geotech[[#This Row],[Jn rating]])*Data_Geotech[[#This Row],[Jr/Ja]]*Data_Geotech[[#This Row],[Jw/SRF]],""),"") -> 25 | AU14: =100-Data_Geotech[[#This Row],[RQD (%)]] -> 0 | AV14: =100-Data_Geotech[[#This Row],[TCR (%)]] -> 1.7053026e-13 | AW14: =(Data_Geotech[[#This Row],[Fracture per interval]]+Data_Geotech[[#This Row],[Added fractures (BC, FLT, LC)]])/Data_Geotech[[#This Row],[TCR (m)]] -> 2.173913 | AX14: R | AY14: =7-MID(Data_Geotech[[#This Row],[Field Intact Rock Strength]],2,1) -> 4 | AZ14: =VLOOKUP(Data_Geotech[[#This Row],[Field Intact Rock Strength]],Table_FieldStrength[],2,FALSE) -> 25 | BA14: =VLOOKUP(Data_Geotech[[#This Row],[Field Intact Rock Strength]],Table_FieldStrength[],3,FALSE) -> 37.5 | BB14: =VLOOKUP(Data_Geotech[[#This Row],[Field Intact Rock Strength]],Table_FieldStrength[],4,FALSE) -> 50 | BC14: =100-Data_Geotech[[#This Row],[RMR76]] -> 34 | BD14: =LEFT(Data_Geotech[[#This Row],[Weathering/Alteration]],FIND("-",Data_Geotech[[#This Row],[Weathering/Alteration]])-2) -> W2/A2
A15: COG-25-08 | B15: =VLOOKUP(Data_Geotech[[#This Row],[Hole ID]],Data_Log[],2,FALSE) -> CGF-01 | C15: 63.5 | D15: 66.07 | E15: =(Data_Geotech[[#This Row],[To (m)]]-Data_Geotech[[#This Row],[From (m)]])/2+Data_Geotech[[#This Row],[From (m)]] -> 64.785 | F15: =Data_Geotech[[#This Row],[To (m)]]-Data_Geotech[[#This Row],[From (m)]] -> 2.57 | G15: 2.57 | H15: =Data_Geotech[[#This Row],[TCR (m)]]/Data_Geotech[[#This Row],[Run (m)]]*100 -> 100 | I15: 2.64 | J15: 2.64 | K15: 2.59 | L15: =Data_Geotech[[#This Row],[RQD (m)]]/Data_Geotech[[#This Row],[Run Reel (m)]]*100 -> 98.106061 | M15: Diorite | O15: W2/A2 - Slightly Weathered or Altered | P15: R5 - Very strong | Q15: 2 - Moderate | S15: 0.05 | V15: 4 | W15: =SUMIFS(Discontinuities!$D$4:$D$9664,Discontinuities!$A$4:$A$9664,A15,Discontinuities!$C$4:$C$9664,">="&C15,Discontinuities!$C$4:$C$9664,"<"&D15) -SUMIFS(Discontinuities!$D$4:$D$9664,Discontinuities!$A$4:$A$9664,A15,Discontinuities!$C$4:$C$9664,">="&C15,Discontinuities!$C$4:$C$9664,"<"&D15,Discontinuities!$E$4:$E$9664,"=BC") -SUMIFS(Discontinuities!$D$4:$D$9664,Discontinuities!$A$4:$A$9664,A15,Discontinuities!$C$4:$C$9664,">="&C15,Discontinuities!$C$4:$C$9664,"<"&D15,Discontinuities!$E$4:$E$9664,"=LC") -SUMIFS(Discontinuities!$D$4:$D$9664,Discontinuities!$A$4:$A$9664,A15,Discontinuities!$C$4:$C$9664,">="&C15,Discontinuities!$C$4:$C$9664,"<"&D15,Discontinuities!$E$4:$E$9664,"=FLT") -> 4 | X15: 3 - One joint set plus random joint (s) | AB15: =IFERROR(ROUND((Data_Geotech[[#This Row],[Fault (m)]]+Data_Geotech[[#This Row],[Broken Core (m)]]+Data_Geotech[[#This Row],[Lost Core (m)]])*30,0),0) -> 2 | AC15: =IF(Data_Geotech[[#This Row],[Added fractures (BC, FLT, LC)]]+Data_Geotech[[#This Row],[Fracture per interval]]=0,99,1/((Data_Geotech[[#This Row],[Fracture per interval]]+Data_Geotech[[#This Row],[Added fractures (BC, FLT, LC)]])/Data_Geotech[[#This Row],[Run (m)]])) -> 0.42833333 | AD15: {=IFERROR(_xlfn.XLOOKUP(1,(A15=PLT!$A$4:$A$8886)*(Geotech!C15<=PLT!$F$4:$F$8886)*(Geotech!D15>=PLT!$F$4:$F$8886)*("Valid"=PLT!$P$4:$P$8886),PLT!$V$4:$V$8886),"")} -> 0 | AE15: {=IFERROR(_xlfn.XLOOKUP(1,(A15=PLT!$A$4:$A$8886)*(Geotech!C15<=PLT!$F$4:$F$8886)*(Geotech!D15>=PLT!$F$4:$F$8886)*(PLT!$V$4:$V$8886<>AD15)*("Valid"=PLT!$P$4:$P$7190),PLT!$V$4:$V$8886),"")} | AF15: {=IFERROR(_xlfn.XLOOKUP(1,(A15=PLT!$A$4:$A$8886)*(Geotech!C15<=PLT!$F$4:$F$8886)*(Geotech!D15>=PLT!$F$4:$F$8886)*(PLT!$V$4:$V$8886<>AD15)*(PLT!$V$4:$V$8886<>AE15)*("Valid"=PLT!$P$4:$P$7190),PLT!$V$4:$V$8886),"")} | AG15: =IFERROR(IF(AVERAGE(AD15:AF15)>References!$BO$23,References!$BP$23, IF(AVERAGE(AD15:AF15)>References!$BO$22,References!$BP$22, IF(AVERAGE(AD15:AF15)>References!$BO$21,References!$BP$21, IF(AVERAGE(AD15:AF15)>References!$BO$20,References!$BP$20, IF(AVERAGE(AD15:AF15)>References!$BO$19,References!$BP$19, IF(AVERAGE(AD15:AF15)>References!$BO$18,References!$BP$18, 0)))))),"") -> 0 | AH15: =IF(Data_Geotech[[#This Row],[Is50]]="",VLOOKUP(Data_Geotech[[#This Row],[Field Intact Rock Strength]],Table_RMR76_Strength[],2,FALSE),Data_Geotech[[#This Row],[Is50]]) -> 0 | AI15: =IF(Data_Geotech[[#This Row],[RQD (%)]]<=25,3,IF(Data_Geotech[[#This Row],[RQD (%)]]<=50,8,IF(Data_Geotech[[#This Row],[RQD (%)]]<=75,13,IF(Data_Geotech[[#This Row],[RQD (%)]]<=90,17,20)))) -> 20 | AJ15: =IF(Data_Geotech[[#This Row],[Joint spacing (m)]]<=0.05,5,IF(Data_Geotech[[#This Row],[Joint spacing (m)]]<=0.3,10,IF(Data_Geotech[[#This Row],[Joint spacing (m)]]<=1,20,IF(Data_Geotech[[#This Row],[Joint spacing (m)]]<=3,25,30)))) -> 20 | AK15: =IFERROR(AVERAGEIFS(Data_Discontinuities[[#All],[JCR]],Data_Discontinuities[[#All],[Hole ID]],"="&Data_Geotech[[#This Row],[Hole ID]],Data_Discontinuities[[#All],[Depth (m)]],">="&Data_Geotech[[#This Row],[From (m)]],Data_Discontinuities[[#All],[Depth (m)]],"<"&Data_Geotech[[#This Row],[To (m)]]),IF(Data_Geotech[[#This Row],[Added fractures (BC, FLT, LC)]]=0,IF(Data_Geotech[[#This Row],[Fracture per interval]]=0,25,6),6)) -> 16 | AL15: 10 | AM15: =IF(Data_Geotech[[#This Row],[FIRS Code]]="R",IFERROR(SUM(Data_Geotech[[#This Row],[RMR76 - Strength rating]:[RMR76 - Ground water rating]]),""),"") -> 66 | AN15: =IF(Data_Geotech[[#This Row],[FIRS Code]]="R",(2*Data_Geotech[[#This Row],[RMR76 - Joint condition rating]])+(IF(Data_Geotech[[#This Row],[RQD (%)]]>80,80/2,Data_Geotech[[#This Row],[RQD (%)]]/2)),"") -> 72 | AO15: =LEFT(Data_Geotech[[#This Row],[Joint Set Rating]],FIND("-",Data_Geotech[[#This Row],[Joint Set Rating]],1)-2) -> 3 | AP15: =IFERROR(AVERAGEIFS(Data_Discontinuities[[#All],[Jr/Ja]],Data_Discontinuities[[#All],[Hole ID]],"="&Data_Geotech[[#This Row],[Hole ID]],Data_Discontinuities[[#All],[Depth (m)]],">="&Data_Geotech[[#This Row],[From (m)]],Data_Discontinuities[[#All],[Depth (m)]],"<"&Data_Geotech[[#This Row],[To (m)]]),IF(Data_Geotech[[#This Row],[Added fractures (BC, FLT, LC)]]>Data_Geotech[[#This Row],[Fracture per interval]],1/4,IF(Data_Geotech[[#This Row],[Fracture per interval]]=0,4/0.75,"ERROR: should never happen!"))) -> 0.71875 | AQ15: =1/1 -> 1 | AR15: =IF(Data_Geotech[[#This Row],[FIRS Code]]="R",IFERROR((IF(Data_Geotech[[#This Row],[RQD (%)]]<10,10,Data_Geotech[[#This Row],[RQD (%)]])/Data_Geotech[[#This Row],[Jn rating]])*Data_Geotech[[#This Row],[Jr/Ja]],""),"") -> 23.504577 | AS15: =IF(Data_Geotech[[#This Row],[FIRS Code]]="R",IFERROR((IF(Data_Geotech[[#This Row],[RQD (%)]]<10,10,Data_Geotech[[#This Row],[RQD (%)]])/Data_Geotech[[#This Row],[Jn rating]])*Data_Geotech[[#This Row],[Jr/Ja]]*Data_Geotech[[#This Row],[Jw/SRF]],""),"") -> 23.504577 | AU15: =100-Data_Geotech[[#This Row],[RQD (%)]] -> 1.8939394 | AV15: =100-Data_Geotech[[#This Row],[TCR (%)]] -> -2.7000624e-13 | AW15: =(Data_Geotech[[#This Row],[Fracture per interval]]+Data_Geotech[[#This Row],[Added fractures (BC, FLT, LC)]])/Data_Geotech[[#This Row],[TCR (m)]] -> 2.3346304 | AX15: R | AY15: =7-MID(Data_Geotech[[#This Row],[Field Intact Rock Strength]],2,1) -> 2 | AZ15: =VLOOKUP(Data_Geotech[[#This Row],[Field Intact Rock Strength]],Table_FieldStrength[],2,FALSE) -> 100 | BA15: =VLOOKUP(Data_Geotech[[#This Row],[Field Intact Rock Strength]],Table_FieldStrength[],3,FALSE) -> 175 | BB15: =VLOOKUP(Data_Geotech[[#This Row],[Field Intact Rock Strength]],Table_FieldStrength[],4,FALSE) -> 250 | BC15: =100-Data_Geotech[[#This Row],[RMR76]] -> 34 | BD15: =LEFT(Data_Geotech[[#This Row],[Weathering/Alteration]],FIND("-",Data_Geotech[[#This Row],[Weathering/Alteration]])-2) -> W2/A2
A16: COG-25-08 | B16: =VLOOKUP(Data_Geotech[[#This Row],[Hole ID]],Data_Log[],2,FALSE) -> CGF-01 | C16: 66.07 | D16: 68.98 | E16: =(Data_Geotech[[#This Row],[To (m)]]-Data_Geotech[[#This Row],[From (m)]])/2+Data_Geotech[[#This Row],[From (m)]] -> 67.525 | F16: =Data_Geotech[[#This Row],[To (m)]]-Data_Geotech[[#This Row],[From (m)]] -> 2.91 | G16: 2.91 | H16: =Data_Geotech[[#This Row],[TCR (m)]]/Data_Geotech[[#This Row],[Run (m)]]*100 -> 100 | I16: 2.94 | J16: 2.94 | K16: 2.85 | L16: =Data_Geotech[[#This Row],[RQD (m)]]/Data_Geotech[[#This Row],[Run Reel (m)]]*100 -> 96.938776 | M16: Diorite | O16: W1/A1 - Fresh | P16: R6 - Extremely strong | Q16: 2 - Moderate | V16: 5 | W16: =SUMIFS(Discontinuities!$D$4:$D$9664,Discontinuities!$A$4:$A$9664,A16,Discontinuities!$C$4:$C$9664,">="&C16,Discontinuities!$C$4:$C$9664,"<"&D16) -SUMIFS(Discontinuities!$D$4:$D$9664,Discontinuities!$A$4:$A$9664,A16,Discontinuities!$C$4:$C$9664,">="&C16,Discontinuities!$C$4:$C$9664,"<"&D16,Discontinuities!$E$4:$E$9664,"=BC") -SUMIFS(Discontinuities!$D$4:$D$9664,Discontinuities!$A$4:$A$9664,A16,Discontinuities!$C$4:$C$9664,">="&C16,Discontinuities!$C$4:$C$9664,"<"&D16,Discontinuities!$E$4:$E$9664,"=LC") -SUMIFS(Discontinuities!$D$4:$D$9664,Discontinuities!$A$4:$A$9664,A16,Discontinuities!$C$4:$C$9664,">="&C16,Discontinuities!$C$4:$C$9664,"<"&D16,Discontinuities!$E$4:$E$9664,"=FLT") -> 5 | X16: 3 - One joint set plus random joint (s) | AB16: =IFERROR(ROUND((Data_Geotech[[#This Row],[Fault (m)]]+Data_Geotech[[#This Row],[Broken Core (m)]]+Data_Geotech[[#This Row],[Lost Core (m)]])*30,0),0) -> 0 | AC16: =IF(Data_Geotech[[#This Row],[Added fractures (BC, FLT, LC)]]+Data_Geotech[[#This Row],[Fracture per interval]]=0,99,1/((Data_Geotech[[#This Row],[Fracture per interval]]+Data_Geotech[[#This Row],[Added fractures (BC, FLT, LC)]])/Data_Geotech[[#This Row],[Run (m)]])) -> 0.582 | AD16: {=IFERROR(_xlfn.XLOOKUP(1,(A16=PLT!$A$4:$A$8886)*(Geotech!C16<=PLT!$F$4:$F$8886)*(Geotech!D16>=PLT!$F$4:$F$8886)*("Valid"=PLT!$P$4:$P$8886),PLT!$V$4:$V$8886),"")} -> 0 | AE16: {=IFERROR(_xlfn.XLOOKUP(1,(A16=PLT!$A$4:$A$8886)*(Geotech!C16<=PLT!$F$4:$F$8886)*(Geotech!D16>=PLT!$F$4:$F$8886)*(PLT!$V$4:$V$8886<>AD16)*("Valid"=PLT!$P$4:$P$7190),PLT!$V$4:$V$8886),"")} | AF16: {=IFERROR(_xlfn.XLOOKUP(1,(A16=PLT!$A$4:$A$8886)*(Geotech!C16<=PLT!$F$4:$F$8886)*(Geotech!D16>=PLT!$F$4:$F$8886)*(PLT!$V$4:$V$8886<>AD16)*(PLT!$V$4:$V$8886<>AE16)*("Valid"=PLT!$P$4:$P$7190),PLT!$V$4:$V$8886),"")} | AG16: =IFERROR(IF(AVERAGE(AD16:AF16)>References!$BO$23,References!$BP$23, IF(AVERAGE(AD16:AF16)>References!$BO$22,References!$BP$22, IF(AVERAGE(AD16:AF16)>References!$BO$21,References!$BP$21, IF(AVERAGE(AD16:AF16)>References!$BO$20,References!$BP$20, IF(AVERAGE(AD16:AF16)>References!$BO$19,References!$BP$19, IF(AVERAGE(AD16:AF16)>References!$BO$18,References!$BP$18, 0)))))),"") -> 0 | AH16: =IF(Data_Geotech[[#This Row],[Is50]]="",VLOOKUP(Data_Geotech[[#This Row],[Field Intact Rock Strength]],Table_RMR76_Strength[],2,FALSE),Data_Geotech[[#This Row],[Is50]]) -> 0 | AI16: =IF(Data_Geotech[[#This Row],[RQD (%)]]<=25,3,IF(Data_Geotech[[#This Row],[RQD (%)]]<=50,8,IF(Data_Geotech[[#This Row],[RQD (%)]]<=75,13,IF(Data_Geotech[[#This Row],[RQD (%)]]<=90,17,20)))) -> 20 | AJ16: =IF(Data_Geotech[[#This Row],[Joint spacing (m)]]<=0.05,5,IF(Data_Geotech[[#This Row],[Joint spacing (m)]]<=0.3,10,IF(Data_Geotech[[#This Row],[Joint spacing (m)]]<=1,20,IF(Data_Geotech[[#This Row],[Joint spacing (m)]]<=3,25,30)))) -> 20 | AK16: =IFERROR(AVERAGEIFS(Data_Discontinuities[[#All],[JCR]],Data_Discontinuities[[#All],[Hole ID]],"="&Data_Geotech[[#This Row],[Hole ID]],Data_Discontinuities[[#All],[Depth (m)]],">="&Data_Geotech[[#This Row],[From (m)]],Data_Discontinuities[[#All],[Depth (m)]],"<"&Data_Geotech[[#This Row],[To (m)]]),IF(Data_Geotech[[#This Row],[Added fractures (BC, FLT, LC)]]=0,IF(Data_Geotech[[#This Row],[Fracture per interval]]=0,25,6),6)) -> 21.4 | AL16: 10 | AM16: =IF(Data_Geotech[[#This Row],[FIRS Code]]="R",IFERROR(SUM(Data_Geotech[[#This Row],[RMR76 - Strength rating]:[RMR76 - Ground water rating]]),""),"") -> 71.4 | AN16: =IF(Data_Geotech[[#This Row],[FIRS Code]]="R",(2*Data_Geotech[[#This Row],[RMR76 - Joint condition rating]])+(IF(Data_Geotech[[#This Row],[RQD (%)]]>80,80/2,Data_Geotech[[#This Row],[RQD (%)]]/2)),"") -> 82.8 | AO16: =LEFT(Data_Geotech[[#This Row],[Joint Set Rating]],FIND("-",Data_Geotech[[#This Row],[Joint Set Rating]],1)-2) -> 3 | AP16: =IFERROR(AVERAGEIFS(Data_Discontinuities[[#All],[Jr/Ja]],Data_Discontinuities[[#All],[Hole ID]],"="&Data_Geotech[[#This Row],[Hole ID]],Data_Discontinuities[[#All],[Depth (m)]],">="&Data_Geotech[[#This Row],[From (m)]],Data_Discontinuities[[#All],[Depth (m)]],"<"&Data_Geotech[[#This Row],[To (m)]]),IF(Data_Geotech[[#This Row],[Added fractures (BC, FLT, LC)]]>Data_Geotech[[#This Row],[Fracture per interval]],1/4,IF(Data_Geotech[[#This Row],[Fracture per interval]]=0,4/0.75,"ERROR: should never happen!"))) -> 1.45 | AQ16: =1/1 -> 1 | AR16: =IF(Data_Geotech[[#This Row],[FIRS Code]]="R",IFERROR((IF(Data_Geotech[[#This Row],[RQD (%)]]<10,10,Data_Geotech[[#This Row],[RQD (%)]])/Data_Geotech[[#This Row],[Jn rating]])*Data_Geotech[[#This Row],[Jr/Ja]],""),"") -> 46.853741 | AS16: =IF(Data_Geotech[[#This Row],[FIRS Code]]="R",IFERROR((IF(Data_Geotech[[#This Row],[RQD (%)]]<10,10,Data_Geotech[[#This Row],[RQD (%)]])/Data_Geotech[[#This Row],[Jn rating]])*Data_Geotech[[#This Row],[Jr/Ja]]*Data_Geotech[[#This Row],[Jw/SRF]],""),"") -> 46.853741 | AU16: =100-Data_Geotech[[#This Row],[RQD (%)]] -> 3.0612245 | AV16: =100-Data_Geotech[[#This Row],[TCR (%)]] -> 3.6948222e-13 | AW16: =(Data_Geotech[[#This Row],[Fracture per interval]]+Data_Geotech[[#This Row],[Added fractures (BC, FLT, LC)]])/Data_Geotech[[#This Row],[TCR (m)]] -> 1.7182131 | AX16: R | AY16: =7-MID(Data_Geotech[[#This Row],[Field Intact Rock Strength]],2,1) -> 1 | AZ16: =VLOOKUP(Data_Geotech[[#This Row],[Field Intact Rock Strength]],Table_FieldStrength[],2,FALSE) -> 250 | BA16: =VLOOKUP(Data_Geotech[[#This Row],[Field Intact Rock Strength]],Table_FieldStrength[],3,FALSE) -> 275 | BB16: =VLOOKUP(Data_Geotech[[#This Row],[Field Intact Rock Strength]],Table_FieldStrength[],4,FALSE) -> 300 | BC16: =100-Data_Geotech[[#This Row],[RMR76]] -> 28.6 | BD16: =LEFT(Data_Geotech[[#This Row],[Weathering/Alteration]],FIND("-",Data_Geotech[[#This Row],[Weathering/Alteration]])-2) -> W1/A1
A17: COG-25-08 | B17: =VLOOKUP(Data_Geotech[[#This Row],[Hole ID]],Data_Log[],2,FALSE) -> CGF-01 | C17: 68.98 | D17: 69.5 | E17: =(Data_Geotech[[#This Row],[To (m)]]-Data_Geotech[[#This Row],[From (m)]])/2+Data_Geotech[[#This Row],[From (m)]] -> 69.24 | F17: =Data_Geotech[[#This Row],[To (m)]]-Data_Geotech[[#This Row],[From (m)]] -> 0.52 | G17: 0.52 | H17: =Data_Geotech[[#This Row],[TCR (m)]]/Data_Geotech[[#This Row],[Run (m)]]*100 -> 100 | I17: 0.51 | J17: 0.51 | K17: 0.51 | L17: =Data_Geotech[[#This Row],[RQD (m)]]/Data_Geotech[[#This Row],[Run Reel (m)]]*100 -> 100 | M17: Diorite | O17: W1/A1 - Fresh | P17: R4 - Strong | Q17: 2 - Moderate | V17: 1 | W17: =SUMIFS(Discontinuities!$D$4:$D$9664,Discontinuities!$A$4:$A$9664,A17,Discontinuities!$C$4:$C$9664,">="&C17,Discontinuities!$C$4:$C$9664,"<"&D17) -SUMIFS(Discontinuities!$D$4:$D$9664,Discontinuities!$A$4:$A$9664,A17,Discontinuities!$C$4:$C$9664,">="&C17,Discontinuities!$C$4:$C$9664,"<"&D17,Discontinuities!$E$4:$E$9664,"=BC") -SUMIFS(Discontinuities!$D$4:$D$9664,Discontinuities!$A$4:$A$9664,A17,Discontinuities!$C$4:$C$9664,">="&C17,Discontinuities!$C$4:$C$9664,"<"&D17,Discontinuities!$E$4:$E$9664,"=LC") -SUMIFS(Discontinuities!$D$4:$D$9664,Discontinuities!$A$4:$A$9664,A17,Discontinuities!$C$4:$C$9664,">="&C17,Discontinuities!$C$4:$C$9664,"<"&D17,Discontinuities!$E$4:$E$9664,"=FLT") -> 1 | X17: 1 - Massive or few joints | AB17: =IFERROR(ROUND((Data_Geotech[[#This Row],[Fault (m)]]+Data_Geotech[[#This Row],[Broken Core (m)]]+Data_Geotech[[#This Row],[Lost Core (m)]])*30,0),0) -> 0 | AC17: =IF(Data_Geotech[[#This Row],[Added fractures (BC, FLT, LC)]]+Data_Geotech[[#This Row],[Fracture per interval]]=0,99,1/((Data_Geotech[[#This Row],[Fracture per interval]]+Data_Geotech[[#This Row],[Added fractures (BC, FLT, LC)]])/Data_Geotech[[#This Row],[Run (m)]])) -> 0.52 | AD17: {=IFERROR(_xlfn.XLOOKUP(1,(A17=PLT!$A$4:$A$8886)*(Geotech!C17<=PLT!$F$4:$F$8886)*(Geotech!D17>=PLT!$F$4:$F$8886)*("Valid"=PLT!$P$4:$P$8886),PLT!$V$4:$V$8886),"")} -> 0 | AE17: {=IFERROR(_xlfn.XLOOKUP(1,(A17=PLT!$A$4:$A$8886)*(Geotech!C17<=PLT!$F$4:$F$8886)*(Geotech!D17>=PLT!$F$4:$F$8886)*(PLT!$V$4:$V$8886<>AD17)*("Valid"=PLT!$P$4:$P$7190),PLT!$V$4:$V$8886),"")} | AF17: {=IFERROR(_xlfn.XLOOKUP(1,(A17=PLT!$A$4:$A$8886)*(Geotech!C17<=PLT!$F$4:$F$8886)*(Geotech!D17>=PLT!$F$4:$F$8886)*(PLT!$V$4:$V$8886<>AD17)*(PLT!$V$4:$V$8886<>AE17)*("Valid"=PLT!$P$4:$P$7190),PLT!$V$4:$V$8886),"")} | AG17: =IFERROR(IF(AVERAGE(AD17:AF17)>References!$BO$23,References!$BP$23, IF(AVERAGE(AD17:AF17)>References!$BO$22,References!$BP$22, IF(AVERAGE(AD17:AF17)>References!$BO$21,References!$BP$21, IF(AVERAGE(AD17:AF17)>References!$BO$20,References!$BP$20, IF(AVERAGE(AD17:AF17)>References!$BO$19,References!$BP$19, IF(AVERAGE(AD17:AF17)>References!$BO$18,References!$BP$18, 0)))))),"") -> 0 | AH17: =IF(Data_Geotech[[#This Row],[Is50]]="",VLOOKUP(Data_Geotech[[#This Row],[Field Intact Rock Strength]],Table_RMR76_Strength[],2,FALSE),Data_Geotech[[#This Row],[Is50]]) -> 0 | AI17: =IF(Data_Geotech[[#This Row],[RQD (%)]]<=25,3,IF(Data_Geotech[[#This Row],[RQD (%)]]<=50,8,IF(Data_Geotech[[#This Row],[RQD (%)]]<=75,13,IF(Data_Geotech[[#This Row],[RQD (%)]]<=90,17,20)))) -> 20 | AJ17: =IF(Data_Geotech[[#This Row],[Joint spacing (m)]]<=0.05,5,IF(Data_Geotech[[#This Row],[Joint spacing (m)]]<=0.3,10,IF(Data_Geotech[[#This Row],[Joint spacing (m)]]<=1,20,IF(Data_Geotech[[#This Row],[Joint spacing (m)]]<=3,25,30)))) -> 20 | AK17: =IFERROR(AVERAGEIFS(Data_Discontinuities[[#All],[JCR]],Data_Discontinuities[[#All],[Hole ID]],"="&Data_Geotech[[#This Row],[Hole ID]],Data_Discontinuities[[#All],[Depth (m)]],">="&Data_Geotech[[#This Row],[From (m)]],Data_Discontinuities[[#All],[Depth (m)]],"<"&Data_Geotech[[#This Row],[To (m)]]),IF(Data_Geotech[[#This Row],[Added fractures (BC, FLT, LC)]]=0,IF(Data_Geotech[[#This Row],[Fracture per interval]]=0,25,6),6)) -> 25 | AL17: 10 | AM17: =IF(Data_Geotech[[#This Row],[FIRS Code]]="R",IFERROR(SUM(Data_Geotech[[#This Row],[RMR76 - Strength rating]:[RMR76 - Ground water rating]]),""),"") -> 75 | AN17: =IF(Data_Geotech[[#This Row],[FIRS Code]]="R",(2*Data_Geotech[[#This Row],[RMR76 - Joint condition rating]])+(IF(Data_Geotech[[#This Row],[RQD (%)]]>80,80/2,Data_Geotech[[#This Row],[RQD (%)]]/2)),"") -> 90 | AO17: =LEFT(Data_Geotech[[#This Row],[Joint Set Rating]],FIND("-",Data_Geotech[[#This Row],[Joint Set Rating]],1)-2) -> 1 | AP17: =IFERROR(AVERAGEIFS(Data_Discontinuities[[#All],[Jr/Ja]],Data_Discontinuities[[#All],[Hole ID]],"="&Data_Geotech[[#This Row],[Hole ID]],Data_Discontinuities[[#All],[Depth (m)]],">="&Data_Geotech[[#This Row],[From (m)]],Data_Discontinuities[[#All],[Depth (m)]],"<"&Data_Geotech[[#This Row],[To (m)]]),IF(Data_Geotech[[#This Row],[Added fractures (BC, FLT, LC)]]>Data_Geotech[[#This Row],[Fracture per interval]],1/4,IF(Data_Geotech[[#This Row],[Fracture per interval]]=0,4/0.75,"ERROR: should never happen!"))) -> 1.5 | AQ17: =1/1 -> 1 | AR17: =IF(Data_Geotech[[#This Row],[FIRS Code]]="R",IFERROR((IF(Data_Geotech[[#This Row],[RQD (%)]]<10,10,Data_Geotech[[#This Row],[RQD (%)]])/Data_Geotech[[#This Row],[Jn rating]])*Data_Geotech[[#This Row],[Jr/Ja]],""),"") -> 150 | AS17: =IF(Data_Geotech[[#This Row],[FIRS Code]]="R",IFERROR((IF(Data_Geotech[[#This Row],[RQD (%)]]<10,10,Data_Geotech[[#This Row],[RQD (%)]])/Data_Geotech[[#This Row],[Jn rating]])*Data_Geotech[[#This Row],[Jr/Ja]]*Data_Geotech[[#This Row],[Jw/SRF]],""),"") -> 150 | AU17: =100-Data_Geotech[[#This Row],[RQD (%)]] -> 0 | AV17: =100-Data_Geotech[[#This Row],[TCR (%)]] -> -7.8159701e-13 | AW17: =(Data_Geotech[[#This Row],[Fracture per interval]]+Data_Geotech[[#This Row],[Added fractures (BC, FLT, LC)]])/Data_Geotech[[#This Row],[TCR (m)]] -> 1.9230769 | AX17: R | AY17: =7-MID(Data_Geotech[[#This Row],[Field Intact Rock Strength]],2,1) -> 3 | AZ17: =VLOOKUP(Data_Geotech[[#This Row],[Field Intact Rock Strength]],Table_FieldStrength[],2,FALSE) -> 50 | BA17: =VLOOKUP(Data_Geotech[[#This Row],[Field Intact Rock Strength]],Table_FieldStrength[],3,FALSE) -> 75 | BB17: =VLOOKUP(Data_Geotech[[#This Row],[Field Intact Rock Strength]],Table_FieldStrength[],4,FALSE) -> 100 | BC17: =100-Data_Geotech[[#This Row],[RMR76]] -> 25 | BD17: =LEFT(Data_Geotech[[#This Row],[Weathering/Alteration]],FIND("-",Data_Geotech[[#This Row],[Weathering/Alteration]])-2) -> W1/A1
A18: COG-25-08 | B18: =VLOOKUP(Data_Geotech[[#This Row],[Hole ID]],Data_Log[],2,FALSE) -> CGF-01 | C18: 69.5 | D18: 72.06 | E18: =(Data_Geotech[[#This Row],[To (m)]]-Data_Geotech[[#This Row],[From (m)]])/2+Data_Geotech[[#This Row],[From (m)]] -> 70.78 | F18: =Data_Geotech[[#This Row],[To (m)]]-Data_Geotech[[#This Row],[From (m)]] -> 2.56 | G18: 2.56 | H18: =Data_Geotech[[#This Row],[TCR (m)]]/Data_Geotech[[#This Row],[Run (m)]]*100 -> 100 | I18: 2.58 | J18: 2.58 | K18: 2.58 | L18: =Data_Geotech[[#This Row],[RQD (m)]]/Data_Geotech[[#This Row],[Run Reel (m)]]*100 -> 100 | M18: Boulamarque granodiorite | O18: W1/A1 - Fresh | P18: R3 - Moderately strong | Q18: 1 - Weak | V18: 8 | W18: =SUMIFS(Discontinuities!$D$4:$D$9664,Discontinuities!$A$4:$A$9664,A18,Discontinuities!$C$4:$C$9664,">="&C18,Discontinuities!$C$4:$C$9664,"<"&D18) -SUMIFS(Discontinuities!$D$4:$D$9664,Discontinuities!$A$4:$A$9664,A18,Discontinuities!$C$4:$C$9664,">="&C18,Discontinuities!$C$4:$C$9664,"<"&D18,Discontinuities!$E$4:$E$9664,"=BC") -SUMIFS(Discontinuities!$D$4:$D$9664,Discontinuities!$A$4:$A$9664,A18,Discontinuities!$C$4:$C$9664,">="&C18,Discontinuities!$C$4:$C$9664,"<"&D18,Discontinuities!$E$4:$E$9664,"=LC") -SUMIFS(Discontinuities!$D$4:$D$9664,Discontinuities!$A$4:$A$9664,A18,Discontinuities!$C$4:$C$9664,">="&C18,Discontinuities!$C$4:$C$9664,"<"&D18,Discontinuities!$E$4:$E$9664,"=FLT") -> 8 | X18: 3 - One joint set plus random joint (s) | AB18: =IFERROR(ROUND((Data_Geotech[[#This Row],[Fault (m)]]+Data_Geotech[[#This Row],[Broken Core (m)]]+Data_Geotech[[#This Row],[Lost Core (m)]])*30,0),0) -> 0 | AC18: =IF(Data_Geotech[[#This Row],[Added fractures (BC, FLT, LC)]]+Data_Geotech[[#This Row],[Fracture per interval]]=0,99,1/((Data_Geotech[[#This Row],[Fracture per interval]]+Data_Geotech[[#This Row],[Added fractures (BC, FLT, LC)]])/Data_Geotech[[#This Row],[Run (m)]])) -> 0.32 | AD18: {=IFERROR(_xlfn.XLOOKUP(1,(A18=PLT!$A$4:$A$8886)*(Geotech!C18<=PLT!$F$4:$F$8886)*(Geotech!D18>=PLT!$F$4:$F$8886)*("Valid"=PLT!$P$4:$P$8886),PLT!$V$4:$V$8886),"")} -> 0 | AE18: {=IFERROR(_xlfn.XLOOKUP(1,(A18=PLT!$A$4:$A$8886)*(Geotech!C18<=PLT!$F$4:$F$8886)*(Geotech!D18>=PLT!$F$4:$F$8886)*(PLT!$V$4:$V$8886<>AD18)*("Valid"=PLT!$P$4:$P$7190),PLT!$V$4:$V$8886),"")} | AF18: {=IFERROR(_xlfn.XLOOKUP(1,(A18=PLT!$A$4:$A$8886)*(Geotech!C18<=PLT!$F$4:$F$8886)*(Geotech!D18>=PLT!$F$4:$F$8886)*(PLT!$V$4:$V$8886<>AD18)*(PLT!$V$4:$V$8886<>AE18)*("Valid"=PLT!$P$4:$P$7190),PLT!$V$4:$V$8886),"")} | AG18: =IFERROR(IF(AVERAGE(AD18:AF18)>References!$BO$23,References!$BP$23, IF(AVERAGE(AD18:AF18)>References!$BO$22,References!$BP$22, IF(AVERAGE(AD18:AF18)>References!$BO$21,References!$BP$21, IF(AVERAGE(AD18:AF18)>References!$BO$20,References!$BP$20, IF(AVERAGE(AD18:AF18)>References!$BO$19,References!$BP$19, IF(AVERAGE(AD18:AF18)>References!$BO$18,References!$BP$18, 0)))))),"") -> 0 | AH18: =IF(Data_Geotech[[#This Row],[Is50]]="",VLOOKUP(Data_Geotech[[#This Row],[Field Intact Rock Strength]],Table_RMR76_Strength[],2,FALSE),Data_Geotech[[#This Row],[Is50]]) -> 0 | AI18: =IF(Data_Geotech[[#This Row],[RQD (%)]]<=25,3,IF(Data_Geotech[[#This Row],[RQD (%)]]<=50,8,IF(Data_Geotech[[#This Row],[RQD (%)]]<=75,13,IF(Data_Geotech[[#This Row],[RQD (%)]]<=90,17,20)))) -> 20 | AJ18: =IF(Data_Geotech[[#This Row],[Joint spacing (m)]]<=0.05,5,IF(Data_Geotech[[#This Row],[Joint spacing (m)]]<=0.3,10,IF(Data_Geotech[[#This Row],[Joint spacing (m)]]<=1,20,IF(Data_Geotech[[#This Row],[Joint spacing (m)]]<=3,25,30)))) -> 20 | AK18: =IFERROR(AVERAGEIFS(Data_Discontinuities[[#All],[JCR]],Data_Discontinuities[[#All],[Hole ID]],"="&Data_Geotech[[#This Row],[Hole ID]],Data_Discontinuities[[#All],[Depth (m)]],">="&Data_Geotech[[#This Row],[From (m)]],Data_Discontinuities[[#All],[Depth (m)]],"<"&Data_Geotech[[#This Row],[To (m)]]),IF(Data_Geotech[[#This Row],[Added fractures (BC, FLT, LC)]]=0,IF(Data_Geotech[[#This Row],[Fracture per interval]]=0,25,6),6)) -> 18.25 | AL18: 10 | AM18: =IF(Data_Geotech[[#This Row],[FIRS Code]]="R",IFERROR(SUM(Data_Geotech[[#This Row],[RMR76 - Strength rating]:[RMR76 - Ground water rating]]),""),"") -> 68.25 | AN18: =IF(Data_Geotech[[#This Row],[FIRS Code]]="R",(2*Data_Geotech[[#This Row],[RMR76 - Joint condition rating]])+(IF(Data_Geotech[[#This Row],[RQD (%)]]>80,80/2,Data_Geotech[[#This Row],[RQD (%)]]/2)),"") -> 76.5 | AO18: =LEFT(Data_Geotech[[#This Row],[Joint Set Rating]],FIND("-",Data_Geotech[[#This Row],[Joint Set Rating]],1)-2) -> 3 | AP18: =IFERROR(AVERAGEIFS(Data_Discontinuities[[#All],[Jr/Ja]],Data_Discontinuities[[#All],[Hole ID]],"="&Data_Geotech[[#This Row],[Hole ID]],Data_Discontinuities[[#All],[Depth (m)]],">="&Data_Geotech[[#This Row],[From (m)]],Data_Discontinuities[[#All],[Depth (m)]],"<"&Data_Geotech[[#This Row],[To (m)]]),IF(Data_Geotech[[#This Row],[Added fractures (BC, FLT, LC)]]>Data_Geotech[[#This Row],[Fracture per interval]],1/4,IF(Data_Geotech[[#This Row],[Fracture per interval]]=0,4/0.75,"ERROR: should never happen!"))) -> 0.9375 | AQ18: =1/1 -> 1 | AR18: =IF(Data_Geotech[[#This Row],[FIRS Code]]="R",IFERROR((IF(Data_Geotech[[#This Row],[RQD (%)]]<10,10,Data_Geotech[[#This Row],[RQD (%)]])/Data_Geotech[[#This Row],[Jn rating]])*Data_Geotech[[#This Row],[Jr/Ja]],""),"") -> 31.25 | AS18: =IF(Data_Geotech[[#This Row],[FIRS Code]]="R",IFERROR((IF(Data_Geotech[[#This Row],[RQD (%)]]<10,10,Data_Geotech[[#This Row],[RQD (%)]])/Data_Geotech[[#This Row],[Jn rating]])*Data_Geotech[[#This Row],[Jr/Ja]]*Data_Geotech[[#This Row],[Jw/SRF]],""),"") -> 31.25 | AU18: =100-Data_Geotech[[#This Row],[RQD (%)]] -> 0 | AV18: =100-Data_Geotech[[#This Row],[TCR (%)]] -> 0 | AW18: =(Data_Geotech[[#This Row],[Fracture per interval]]+Data_Geotech[[#This Row],[Added fractures (BC, FLT, LC)]])/Data_Geotech[[#This Row],[TCR (m)]] -> 3.125 | AX18: R | AY18: =7-MID(Data_Geotech[[#This Row],[Field Intact Rock Strength]],2,1) -> 4 | AZ18: =VLOOKUP(Data_Geotech[[#This Row],[Field Intact Rock Strength]],Table_FieldStrength[],2,FALSE) -> 25 | BA18: =VLOOKUP(Data_Geotech[[#This Row],[Field Intact Rock Strength]],Table_FieldStrength[],3,FALSE) -> 37.5 | BB18: =VLOOKUP(Data_Geotech[[#This Row],[Field Intact Rock Strength]],Table_FieldStrength[],4,FALSE) -> 50 | BC18: =100-Data_Geotech[[#This Row],[RMR76]] -> 31.75 | BD18: =LEFT(Data_Geotech[[#This Row],[Weathering/Alteration]],FIND("-",Data_Geotech[[#This Row],[Weathering/Alteration]])-2) -> W1/A1
A19: COG-25-08 | B19: =VLOOKUP(Data_Geotech[[#This Row],[Hole ID]],Data_Log[],2,FALSE) -> CGF-01 | C19: 72.06 | D19: 74.22 | E19: =(Data_Geotech[[#This Row],[To (m)]]-Data_Geotech[[#This Row],[From (m)]])/2+Data_Geotech[[#This Row],[From (m)]] -> 73.14 | F19: =Data_Geotech[[#This Row],[To (m)]]-Data_Geotech[[#This Row],[From (m)]] -> 2.16 | G19: 2.16 | H19: =Data_Geotech[[#This Row],[TCR (m)]]/Data_Geotech[[#This Row],[Run (m)]]*100 -> 100 | I19: 2.17 | J19: 2.17 | K19: 2.17 | L19: =Data_Geotech[[#This Row],[RQD (m)]]/Data_Geotech[[#This Row],[Run Reel (m)]]*100 -> 100 | M19: Boulamarque granodiorite | O19: W1/A1 - Fresh | P19: R5 - Very strong | Q19: 1 - Weak | V19: 4 | W19: =SUMIFS(Discontinuities!$D$4:$D$9664,Discontinuities!$A$4:$A$9664,A19,Discontinuities!$C$4:$C$9664,">="&C19,Discontinuities!$C$4:$C$9664,"<"&D19) -SUMIFS(Discontinuities!$D$4:$D$9664,Discontinuities!$A$4:$A$9664,A19,Discontinuities!$C$4:$C$9664,">="&C19,Discontinuities!$C$4:$C$9664,"<"&D19,Discontinuities!$E$4:$E$9664,"=BC") -SUMIFS(Discontinuities!$D$4:$D$9664,Discontinuities!$A$4:$A$9664,A19,Discontinuities!$C$4:$C$9664,">="&C19,Discontinuities!$C$4:$C$9664,"<"&D19,Discontinuities!$E$4:$E$9664,"=LC") -SUMIFS(Discontinuities!$D$4:$D$9664,Discontinuities!$A$4:$A$9664,A19,Discontinuities!$C$4:$C$9664,">="&C19,Discontinuities!$C$4:$C$9664,"<"&D19,Discontinuities!$E$4:$E$9664,"=FLT") -> 4 | X19: 3 - One joint set plus random joint (s) | AB19: =IFERROR(ROUND((Data_Geotech[[#This Row],[Fault (m)]]+Data_Geotech[[#This Row],[Broken Core (m)]]+Data_Geotech[[#This Row],[Lost Core (m)]])*30,0),0) -> 0 | AC19: =IF(Data_Geotech[[#This Row],[Added fractures (BC, FLT, LC)]]+Data_Geotech[[#This Row],[Fracture per interval]]=0,99,1/((Data_Geotech[[#This Row],[Fracture per interval]]+Data_Geotech[[#This Row],[Added fractures (BC, FLT, LC)]])/Data_Geotech[[#This Row],[Run (m)]])) -> 0.54 | AD19: {=IFERROR(_xlfn.XLOOKUP(1,(A19=PLT!$A$4:$A$8886)*(Geotech!C19<=PLT!$F$4:$F$8886)*(Geotech!D19>=PLT!$F$4:$F$8886)*("Valid"=PLT!$P$4:$P$8886),PLT!$V$4:$V$8886),"")} -> 0 | AE19: {=IFERROR(_xlfn.XLOOKUP(1,(A19=PLT!$A$4:$A$8886)*(Geotech!C19<=PLT!$F$4:$F$8886)*(Geotech!D19>=PLT!$F$4:$F$8886)*(PLT!$V$4:$V$8886<>AD19)*("Valid"=PLT!$P$4:$P$7190),PLT!$V$4:$V$8886),"")} | AF19: {=IFERROR(_xlfn.XLOOKUP(1,(A19=PLT!$A$4:$A$8886)*(Geotech!C19<=PLT!$F$4:$F$8886)*(Geotech!D19>=PLT!$F$4:$F$8886)*(PLT!$V$4:$V$8886<>AD19)*(PLT!$V$4:$V$8886<>AE19)*("Valid"=PLT!$P$4:$P$7190),PLT!$V$4:$V$8886),"")} | AG19: =IFERROR(IF(AVERAGE(AD19:AF19)>References!$BO$23,References!$BP$23, IF(AVERAGE(AD19:AF19)>References!$BO$22,References!$BP$22, IF(AVERAGE(AD19:AF19)>References!$BO$21,References!$BP$21, IF(AVERAGE(AD19:AF19)>References!$BO$20,References!$BP$20, IF(AVERAGE(AD19:AF19)>References!$BO$19,References!$BP$19, IF(AVERAGE(AD19:AF19)>References!$BO$18,References!$BP$18, 0)))))),"") -> 0 | AH19: =IF(Data_Geotech[[#This Row],[Is50]]="",VLOOKUP(Data_Geotech[[#This Row],[Field Intact Rock Strength]],Table_RMR76_Strength[],2,FALSE),Data_Geotech[[#This Row],[Is50]]) -> 0 | AI19: =IF(Data_Geotech[[#This Row],[RQD (%)]]<=25,3,IF(Data_Geotech[[#This Row],[RQD (%)]]<=50,8,IF(Data_Geotech[[#This Row],[RQD (%)]]<=75,13,IF(Data_Geotech[[#This Row],[RQD (%)]]<=90,17,20)))) -> 20 | AJ19: =IF(Data_Geotech[[#This Row],[Joint spacing (m)]]<=0.05,5,IF(Data_Geotech[[#This Row],[Joint spacing (m)]]<=0.3,10,IF(Data_Geotech[[#This Row],[Joint spacing (m)]]<=1,20,IF(Data_Geotech[[#This Row],[Joint spacing (m)]]<=3,25,30)))) -> 20 | AK19: =IFERROR(AVERAGEIFS(Data_Discontinuities[[#All],[JCR]],Data_Discontinuities[[#All],[Hole ID]],"="&Data_Geotech[[#This Row],[Hole ID]],Data_Discontinuities[[#All],[Depth (m)]],">="&Data_Geotech[[#This Row],[From (m)]],Data_Discontinuities[[#All],[Depth (m)]],"<"&Data_Geotech[[#This Row],[To (m)]]),IF(Data_Geotech[[#This Row],[Added fractures (BC, FLT, LC)]]=0,IF(Data_Geotech[[#This Row],[Fracture per interval]]=0,25,6),6)) -> 23.75 | AL19: 10 | AM19: =IF(Data_Geotech[[#This Row],[FIRS Code]]="R",IFERROR(SUM(Data_Geotech[[#This Row],[RMR76 - Strength rating]:[RMR76 - Ground water rating]]),""),"") -> 73.75 | AN19: =IF(Data_Geotech[[#This Row],[FIRS Code]]="R",(2*Data_Geotech[[#This Row],[RMR76 - Joint condition rating]])+(IF(Data_Geotech[[#This Row],[RQD (%)]]>80,80/2,Data_Geotech[[#This Row],[RQD (%)]]/2)),"") -> 87.5 | AO19: =LEFT(Data_Geotech[[#This Row],[Joint Set Rating]],FIND("-",Data_Geotech[[#This Row],[Joint Set Rating]],1)-2) -> 3 | AP19: =IFERROR(AVERAGEIFS(Data_Discontinuities[[#All],[Jr/Ja]],Data_Discontinuities[[#All],[Hole ID]],"="&Data_Geotech[[#This Row],[Hole ID]],Data_Discontinuities[[#All],[Depth (m)]],">="&Data_Geotech[[#This Row],[From (m)]],Data_Discontinuities[[#All],[Depth (m)]],"<"&Data_Geotech[[#This Row],[To (m)]]),IF(Data_Geotech[[#This Row],[Added fractures (BC, FLT, LC)]]>Data_Geotech[[#This Row],[Fracture per interval]],1/4,IF(Data_Geotech[[#This Row],[Fracture per interval]]=0,4/0.75,"ERROR: should never happen!"))) -> 1.375 | AQ19: =1/1 -> 1 | AR19: =IF(Data_Geotech[[#This Row],[FIRS Code]]="R",IFERROR((IF(Data_Geotech[[#This Row],[RQD (%)]]<10,10,Data_Geotech[[#This Row],[RQD (%)]])/Data_Geotech[[#This Row],[Jn rating]])*Data_Geotech[[#This Row],[Jr/Ja]],""),"") -> 45.833333 | AS19: =IF(Data_Geotech[[#This Row],[FIRS Code]]="R",IFERROR((IF(Data_Geotech[[#This Row],[RQD (%)]]<10,10,Data_Geotech[[#This Row],[RQD (%)]])/Data_Geotech[[#This Row],[Jn rating]])*Data_Geotech[[#This Row],[Jr/Ja]]*Data_Geotech[[#This Row],[Jw/SRF]],""),"") -> 45.833333 | AU19: =100-Data_Geotech[[#This Row],[RQD (%)]] -> 0 | AV19: =100-Data_Geotech[[#This Row],[TCR (%)]] -> -1.563194e-13 | AW19: =(Data_Geotech[[#This Row],[Fracture per interval]]+Data_Geotech[[#This Row],[Added fractures (BC, FLT, LC)]])/Data_Geotech[[#This Row],[TCR (m)]] -> 1.8518519 | AX19: R | AY19: =7-MID(Data_Geotech[[#This Row],[Field Intact Rock Strength]],2,1) -> 2 | AZ19: =VLOOKUP(Data_Geotech[[#This Row],[Field Intact Rock Strength]],Table_FieldStrength[],2,FALSE) -> 100 | BA19: =VLOOKUP(Data_Geotech[[#This Row],[Field Intact Rock Strength]],Table_FieldStrength[],3,FALSE) -> 175 | BB19: =VLOOKUP(Data_Geotech[[#This Row],[Field Intact Rock Strength]],Table_FieldStrength[],4,FALSE) -> 250 | BC19: =100-Data_Geotech[[#This Row],[RMR76]] -> 26.25 | BD19: =LEFT(Data_Geotech[[#This Row],[Weathering/Alteration]],FIND("-",Data_Geotech[[#This Row],[Weathering/Alteration]])-2) -> W1/A1
A20: COG-25-08 | B20: =VLOOKUP(Data_Geotech[[#This Row],[Hole ID]],Data_Log[],2,FALSE) -> CGF-01 | C20: 74.22 | D20: 74.98 | E20: =(Data_Geotech[[#This Row],[To (m)]]-Data_Geotech[[#This Row],[From (m)]])/2+Data_Geotech[[#This Row],[From (m)]] -> 74.6 | F20: =Data_Geotech[[#This Row],[To (m)]]-Data_Geotech[[#This Row],[From (m)]] -> 0.76 | G20: 0.76 | H20: =Data_Geotech[[#This Row],[TCR (m)]]/Data_Geotech[[#This Row],[Run (m)]]*100 -> 100 | I20: 0.96 | J20: 0.96 | K20: 0.79 | L20: =Data_Geotech[[#This Row],[RQD (m)]]/Data_Geotech[[#This Row],[Run Reel (m)]]*100 -> 82.291667 | M20: Boulamarque granodiorite | O20: W3/A3 - Moderately Weathered or Altered | P20: R6 - Extremely strong | Q20: 1 - Weak | S20: 0.17 | V20: 0 | W20: =SUMIFS(Discontinuities!$D$4:$D$9664,Discontinuities!$A$4:$A$9664,A20,Discontinuities!$C$4:$C$9664,">="&C20,Discontinuities!$C$4:$C$9664,"<"&D20) -SUMIFS(Discontinuities!$D$4:$D$9664,Discontinuities!$A$4:$A$9664,A20,Discontinuities!$C$4:$C$9664,">="&C20,Discontinuities!$C$4:$C$9664,"<"&D20,Discontinuities!$E$4:$E$9664,"=BC") -SUMIFS(Discontinuities!$D$4:$D$9664,Discontinuities!$A$4:$A$9664,A20,Discontinuities!$C$4:$C$9664,">="&C20,Discontinuities!$C$4:$C$9664,"<"&D20,Discontinuities!$E$4:$E$9664,"=LC") -SUMIFS(Discontinuities!$D$4:$D$9664,Discontinuities!$A$4:$A$9664,A20,Discontinuities!$C$4:$C$9664,">="&C20,Discontinuities!$C$4:$C$9664,"<"&D20,Discontinuities!$E$4:$E$9664,"=FLT") -> 0 | X20: 0.5 - Massive | Z20: CHL | AB20: =IFERROR(ROUND((Data_Geotech[[#This Row],[Fault (m)]]+Data_Geotech[[#This Row],[Broken Core (m)]]+Data_Geotech[[#This Row],[Lost Core (m)]])*30,0),0) -> 5 | AC20: =IF(Data_Geotech[[#This Row],[Added fractures (BC, FLT, LC)]]+Data_Geotech[[#This Row],[Fracture per interval]]=0,99,1/((Data_Geotech[[#This Row],[Fracture per interval]]+Data_Geotech[[#This Row],[Added fractures (BC, FLT, LC)]])/Data_Geotech[[#This Row],[Run (m)]])) -> 0.152 | AD20: {=IFERROR(_xlfn.XLOOKUP(1,(A20=PLT!$A$4:$A$8886)*(Geotech!C20<=PLT!$F$4:$F$8886)*(Geotech!D20>=PLT!$F$4:$F$8886)*("Valid"=PLT!$P$4:$P$8886),PLT!$V$4:$V$8886),"")} | AE20: {=IFERROR(_xlfn.XLOOKUP(1,(A20=PLT!$A$4:$A$8886)*(Geotech!C20<=PLT!$F$4:$F$8886)*(Geotech!D20>=PLT!$F$4:$F$8886)*(PLT!$V$4:$V$8886<>AD20)*("Valid"=PLT!$P$4:$P$7190),PLT!$V$4:$V$8886),"")} | AF20: {=IFERROR(_xlfn.XLOOKUP(1,(A20=PLT!$A$4:$A$8886)*(Geotech!C20<=PLT!$F$4:$F$8886)*(Geotech!D20>=PLT!$F$4:$F$8886)*(PLT!$V$4:$V$8886<>AD20)*(PLT!$V$4:$V$8886<>AE20)*("Valid"=PLT!$P$4:$P$7190),PLT!$V$4:$V$8886),"")} | AG20: =IFERROR(IF(AVERAGE(AD20:AF20)>References!$BO$23,References!$BP$23, IF(AVERAGE(AD20:AF20)>References!$BO$22,References!$BP$22, IF(AVERAGE(AD20:AF20)>References!$BO$21,References!$BP$21, IF(AVERAGE(AD20:AF20)>References!$BO$20,References!$BP$20, IF(AVERAGE(AD20:AF20)>References!$BO$19,References!$BP$19, IF(AVERAGE(AD20:AF20)>References!$BO$18,References!$BP$18, 0)))))),"") | AH20: =IF(Data_Geotech[[#This Row],[Is50]]="",VLOOKUP(Data_Geotech[[#This Row],[Field Intact Rock Strength]],Table_RMR76_Strength[],2,FALSE),Data_Geotech[[#This Row],[Is50]]) -> 15 | AI20: =IF(Data_Geotech[[#This Row],[RQD (%)]]<=25,3,IF(Data_Geotech[[#This Row],[RQD (%)]]<=50,8,IF(Data_Geotech[[#This Row],[RQD (%)]]<=75,13,IF(Data_Geotech[[#This Row],[RQD (%)]]<=90,17,20)))) -> 17 | AJ20: =IF(Data_Geotech[[#This Row],[Joint spacing (m)]]<=0.05,5,IF(Data_Geotech[[#This Row],[Joint spacing (m)]]<=0.3,10,IF(Data_Geotech[[#This Row],[Joint spacing (m)]]<=1,20,IF(Data_Geotech[[#This Row],[Joint spacing (m)]]<=3,25,30)))) -> 10 | AK20: =IFERROR(AVERAGEIFS(Data_Discontinuities[[#All],[JCR]],Data_Discontinuities[[#All],[Hole ID]],"="&Data_Geotech[[#This Row],[Hole ID]],Data_Discontinuities[[#All],[Depth (m)]],">="&Data_Geotech[[#This Row],[From (m)]],Data_Discontinuities[[#All],[Depth (m)]],"<"&Data_Geotech[[#This Row],[To (m)]]),IF(Data_Geotech[[#This Row],[Added fractures (BC, FLT, LC)]]=0,IF(Data_Geotech[[#This Row],[Fracture per interval]]=0,25,6),6)) -> 6 | AL20: 10 | AM20: =IF(Data_Geotech[[#This Row],[FIRS Code]]="R",IFERROR(SUM(Data_Geotech[[#This Row],[RMR76 - Strength rating]:[RMR76 - Ground water rating]]),""),"") -> 58 | AN20: =IF(Data_Geotech[[#This Row],[FIRS Code]]="R",(2*Data_Geotech[[#This Row],[RMR76 - Joint condition rating]])+(IF(Data_Geotech[[#This Row],[RQD (%)]]>80,80/2,Data_Geotech[[#This Row],[RQD (%)]]/2)),"") -> 52 | AO20: =LEFT(Data_Geotech[[#This Row],[Joint Set Rating]],FIND("-",Data_Geotech[[#This Row],[Joint Set Rating]],1)-2) -> 0.5 | AP20: =IFERROR(AVERAGEIFS(Data_Discontinuities[[#All],[Jr/Ja]],Data_Discontinuities[[#All],[Hole ID]],"="&Data_Geotech[[#This Row],[Hole ID]],Data_Discontinuities[[#All],[Depth (m)]],">="&Data_Geotech[[#This Row],[From (m)]],Data_Discontinuities[[#All],[Depth (m)]],"<"&Data_Geotech[[#This Row],[To (m)]]),IF(Data_Geotech[[#This Row],[Added fractures (BC, FLT, LC)]]>Data_Geotech[[#This Row],[Fracture per interval]],1/4,IF(Data_Geotech[[#This Row],[Fracture per interval]]=0,4/0.75,"ERROR: should never happen!"))) -> 0.25 | AQ20: =1/1 -> 1 | AR20: =IF(Data_Geotech[[#This Row],[FIRS Code]]="R",IFERROR((IF(Data_Geotech[[#This Row],[RQD (%)]]<10,10,Data_Geotech[[#This Row],[RQD (%)]])/Data_Geotech[[#This Row],[Jn rating]])*Data_Geotech[[#This Row],[Jr/Ja]],""),"") | AS20: =IF(Data_Geotech[[#This Row],[FIRS Code]]="R",IFERROR((IF(Data_Geotech[[#This Row],[RQD (%)]]<10,10,Data_Geotech[[#This Row],[RQD (%)]])/Data_Geotech[[#This Row],[Jn rating]])*Data_Geotech[[#This Row],[Jr/Ja]]*Data_Geotech[[#This Row],[Jw/SRF]],""),"") | AU20: =100-Data_Geotech[[#This Row],[RQD (%)]] -> 17.708333 | AV20: =100-Data_Geotech[[#This Row],[TCR (%)]] -> 6.8212103e-13 | AW20: =(Data_Geotech[[#This Row],[Fracture per interval]]+Data_Geotech[[#This Row],[Added fractures (BC, FLT, LC)]])/Data_Geotech[[#This Row],[TCR (m)]] -> 6.5789474 | AX20: R | AY20: =7-MID(Data_Geotech[[#This Row],[Field Intact Rock Strength]],2,1) -> 1 | AZ20: =VLOOKUP(Data_Geotech[[#This Row],[Field Intact Rock Strength]],Table_FieldStrength[],2,FALSE) -> 250 | BA20: =VLOOKUP(Data_Geotech[[#This Row],[Field Intact Rock Strength]],Table_FieldStrength[],3,FALSE) -> 275 | BB20: =VLOOKUP(Data_Geotech[[#This Row],[Field Intact Rock Strength]],Table_FieldStrength[],4,FALSE) -> 300 | BC20: =100-Data_Geotech[[#This Row],[RMR76]] -> 42 | BD20: =LEFT(Data_Geotech[[#This Row],[Weathering/Alteration]],FIND("-",Data_Geotech[[#This Row],[Weathering/Alteration]])-2) -> W3/A3
A21: COG-25-08 | B21: =VLOOKUP(Data_Geotech[[#This Row],[Hole ID]],Data_Log[],2,FALSE) -> CGF-01 | C21: 74.98 | D21: 75.53 | E21: =(Data_Geotech[[#This Row],[To (m)]]-Data_Geotech[[#This Row],[From (m)]])/2+Data_Geotech[[#This Row],[From (m)]] -> 75.255 | F21: =Data_Geotech[[#This Row],[To (m)]]-Data_Geotech[[#This Row],[From (m)]] -> 0.55 | G21: 0.55 | H21: =Data_Geotech[[#This Row],[TCR (m)]]/Data_Geotech[[#This Row],[Run (m)]]*100 -> 100 | I21: 0.54 | J21: 0.54 | K21: 0.54 | L21: =Data_Geotech[[#This Row],[RQD (m)]]/Data_Geotech[[#This Row],[Run Reel (m)]]*100 -> 100 | M21: Boulamarque granodiorite | O21: W3/A3 - Moderately Weathered or Altered | P21: R6 - Extremely strong | Q21: 0 - None | V21: 1 | W21: =SUMIFS(Discontinuities!$D$4:$D$9664,Discontinuities!$A$4:$A$9664,A21,Discontinuities!$C$4:$C$9664,">="&C21,Discontinuities!$C$4:$C$9664,"<"&D21) -SUMIFS(Discontinuities!$D$4:$D$9664,Discontinuities!$A$4:$A$9664,A21,Discontinuities!$C$4:$C$9664,">="&C21,Discontinuities!$C$4:$C$9664,"<"&D21,Discontinuities!$E$4:$E$9664,"=BC") -SUMIFS(Discontinuities!$D$4:$D$9664,Discontinuities!$A$4:$A$9664,A21,Discontinuities!$C$4:$C$9664,">="&C21,Discontinuities!$C$4:$C$9664,"<"&D21,Discontinuities!$E$4:$E$9664,"=LC") -SUMIFS(Discontinuities!$D$4:$D$9664,Discontinuities!$A$4:$A$9664,A21,Discontinuities!$C$4:$C$9664,">="&C21,Discontinuities!$C$4:$C$9664,"<"&D21,Discontinuities!$E$4:$E$9664,"=FLT") -> 1 | X21: 2 - One joint set | Z21: CHL | AB21: =IFERROR(ROUND((Data_Geotech[[#This Row],[Fault (m)]]+Data_Geotech[[#This Row],[Broken Core (m)]]+Data_Geotech[[#This Row],[Lost Core (m)]])*30,0),0) -> 0 | AC21: =IF(Data_Geotech[[#This Row],[Added fractures (BC, FLT, LC)]]+Data_Geotech[[#This Row],[Fracture per interval]]=0,99,1/((Data_Geotech[[#This Row],[Fracture per interval]]+Data_Geotech[[#This Row],[Added fractures (BC, FLT, LC)]])/Data_Geotech[[#This Row],[Run (m)]])) -> 0.55 | AD21: {=IFERROR(_xlfn.XLOOKUP(1,(A21=PLT!$A$4:$A$8886)*(Geotech!C21<=PLT!$F$4:$F$8886)*(Geotech!D21>=PLT!$F$4:$F$8886)*("Valid"=PLT!$P$4:$P$8886),PLT!$V$4:$V$8886),"")} -> 0 | AE21: {=IFERROR(_xlfn.XLOOKUP(1,(A21=PLT!$A$4:$A$8886)*(Geotech!C21<=PLT!$F$4:$F$8886)*(Geotech!D21>=PLT!$F$4:$F$8886)*(PLT!$V$4:$V$8886<>AD21)*("Valid"=PLT!$P$4:$P$7190),PLT!$V$4:$V$8886),"")} | AF21: {=IFERROR(_xlfn.XLOOKUP(1,(A21=PLT!$A$4:$A$8886)*(Geotech!C21<=PLT!$F$4:$F$8886)*(Geotech!D21>=PLT!$F$4:$F$8886)*(PLT!$V$4:$V$8886<>AD21)*(PLT!$V$4:$V$8886<>AE21)*("Valid"=PLT!$P$4:$P$7190),PLT!$V$4:$V$8886),"")} | AG21: =IFERROR(IF(AVERAGE(AD21:AF21)>References!$BO$23,References!$BP$23, IF(AVERAGE(AD21:AF21)>References!$BO$22,References!$BP$22, IF(AVERAGE(AD21:AF21)>References!$BO$21,References!$BP$21, IF(AVERAGE(AD21:AF21)>References!$BO$20,References!$BP$20, IF(AVERAGE(AD21:AF21)>References!$BO$19,References!$BP$19, IF(AVERAGE(AD21:AF21)>References!$BO$18,References!$BP$18, 0)))))),"") -> 0 | AH21: =IF(Data_Geotech[[#This Row],[Is50]]="",VLOOKUP(Data_Geotech[[#This Row],[Field Intact Rock Strength]],Table_RMR76_Strength[],2,FALSE),Data_Geotech[[#This Row],[Is50]]) -> 0 | AI21: =IF(Data_Geotech[[#This Row],[RQD (%)]]<=25,3,IF(Data_Geotech[[#This Row],[RQD (%)]]<=50,8,IF(Data_Geotech[[#This Row],[RQD (%)]]<=75,13,IF(Data_Geotech[[#This Row],[RQD (%)]]<=90,17,20)))) -> 20 | AJ21: =IF(Data_Geotech[[#This Row],[Joint spacing (m)]]<=0.05,5,IF(Data_Geotech[[#This Row],[Joint spacing (m)]]<=0.3,10,IF(Data_Geotech[[#This Row],[Joint spacing (m)]]<=1,20,IF(Data_Geotech[[#This Row],[Joint spacing (m)]]<=3,25,30)))) -> 20 | AK21: =IFERROR(AVERAGEIFS(Data_Discontinuities[[#All],[JCR]],Data_Discontinuities[[#All],[Hole ID]],"="&Data_Geotech[[#This Row],[Hole ID]],Data_Discontinuities[[#All],[Depth (m)]],">="&Data_Geotech[[#This Row],[From (m)]],Data_Discontinuities[[#All],[Depth (m)]],"<"&Data_Geotech[[#This Row],[To (m)]]),IF(Data_Geotech[[#This Row],[Added fractures (BC, FLT, LC)]]=0,IF(Data_Geotech[[#This Row],[Fracture per interval]]=0,25,6),6)) -> 25 | AL21: 10 | AM21: =IF(Data_Geotech[[#This Row],[FIRS Code]]="R",IFERROR(SUM(Data_Geotech[[#This Row],[RMR76 - Strength rating]:[RMR76 - Ground water rating]]),""),"") -> 75 | AN21: =IF(Data_Geotech[[#This Row],[FIRS Code]]="R",(2*Data_Geotech[[#This Row],[RMR76 - Joint condition rating]])+(IF(Data_Geotech[[#This Row],[RQD (%)]]>80,80/2,Data_Geotech[[#This Row],[RQD (%)]]/2)),"") -> 90 | AO21: =LEFT(Data_Geotech[[#This Row],[Joint Set Rating]],FIND("-",Data_Geotech[[#This Row],[Joint Set Rating]],1)-2) -> 2 | AP21: =IFERROR(AVERAGEIFS(Data_Discontinuities[[#All],[Jr/Ja]],Data_Discontinuities[[#All],[Hole ID]],"="&Data_Geotech[[#This Row],[Hole ID]],Data_Discontinuities[[#All],[Depth (m)]],">="&Data_Geotech[[#This Row],[From (m)]],Data_Discontinuities[[#All],[Depth (m)]],"<"&Data_Geotech[[#This Row],[To (m)]]),IF(Data_Geotech[[#This Row],[Added fractures (BC, FLT, LC)]]>Data_Geotech[[#This Row],[Fracture per interval]],1/4,IF(Data_Geotech[[#This Row],[Fracture per interval]]=0,4/0.75,"ERROR: should never happen!"))) -> 1.5 | AQ21: =1/1 -> 1 | AR21: =IF(Data_Geotech[[#This Row],[FIRS Code]]="R",IFERROR((IF(Data_Geotech[[#This Row],[RQD (%)]]<10,10,Data_Geotech[[#This Row],[RQD (%)]])/Data_Geotech[[#This Row],[Jn rating]])*Data_Geotech[[#This Row],[Jr/Ja]],""),"") -> 75 | AS21: =IF(Data_Geotech[[#This Row],[FIRS Code]]="R",IFERROR((IF(Data_Geotech[[#This Row],[RQD (%)]]<10,10,Data_Geotech[[#This Row],[RQD (%)]])/Data_Geotech[[#This Row],[Jn rating]])*Data_Geotech[[#This Row],[Jr/Ja]]*Data_Geotech[[#This Row],[Jw/SRF]],""),"") -> 75 | AU21: =100-Data_Geotech[[#This Row],[RQD (%)]] -> 0 | AV21: =100-Data_Geotech[[#This Row],[TCR (%)]] -> -5.4001248e-13 | AW21: =(Data_Geotech[[#This Row],[Fracture per interval]]+Data_Geotech[[#This Row],[Added fractures (BC, FLT, LC)]])/Data_Geotech[[#This Row],[TCR (m)]] -> 1.8181818 | AX21: R | AY21: =7-MID(Data_Geotech[[#This Row],[Field Intact Rock Strength]],2,1) -> 1 | AZ21: =VLOOKUP(Data_Geotech[[#This Row],[Field Intact Rock Strength]],Table_FieldStrength[],2,FALSE) -> 250 | BA21: =VLOOKUP(Data_Geotech[[#This Row],[Field Intact Rock Strength]],Table_FieldStrength[],3,FALSE) -> 275 | BB21: =VLOOKUP(Data_Geotech[[#This Row],[Field Intact Rock Strength]],Table_FieldStrength[],4,FALSE) -> 300 | BC21: =100-Data_Geotech[[#This Row],[RMR76]] -> 25 | BD21: =LEFT(Data_Geotech[[#This Row],[Weathering/Alteration]],FIND("-",Data_Geotech[[#This Row],[Weathering/Alteration]])-2) -> W3/A3
A22: COG-25-08 | B22: =VLOOKUP(Data_Geotech[[#This Row],[Hole ID]],Data_Log[],2,FALSE) -> CGF-01 | C22: 75.53 | D22: 77.85 | E22: =(Data_Geotech[[#This Row],[To (m)]]-Data_Geotech[[#This Row],[From (m)]])/2+Data_Geotech[[#This Row],[From (m)]] -> 76.69 | F22: =Data_Geotech[[#This Row],[To (m)]]-Data_Geotech[[#This Row],[From (m)]] -> 2.32 | G22: 2.32 | H22: =Data_Geotech[[#This Row],[TCR (m)]]/Data_Geotech[[#This Row],[Run (m)]]*100 -> 100 | I22: 2.35 | J22: 2.35 | K22: 2.35 | L22: =Data_Geotech[[#This Row],[RQD (m)]]/Data_Geotech[[#This Row],[Run Reel (m)]]*100 -> 100 | M22: Boulamarque granodiorite | O22: W1/A1 - Fresh | P22: R5 - Very strong | Q22: 1 - Weak | V22: 7 | W22: =SUMIFS(Discontinuities!$D$4:$D$9664,Discontinuities!$A$4:$A$9664,A22,Discontinuities!$C$4:$C$9664,">="&C22,Discontinuities!$C$4:$C$9664,"<"&D22) -SUMIFS(Discontinuities!$D$4:$D$9664,Discontinuities!$A$4:$A$9664,A22,Discontinuities!$C$4:$C$9664,">="&C22,Discontinuities!$C$4:$C$9664,"<"&D22,Discontinuities!$E$4:$E$9664,"=BC") -SUMIFS(Discontinuities!$D$4:$D$9664,Discontinuities!$A$4:$A$9664,A22,Discontinuities!$C$4:$C$9664,">="&C22,Discontinuities!$C$4:$C$9664,"<"&D22,Discontinuities!$E$4:$E$9664,"=LC") -SUMIFS(Discontinuities!$D$4:$D$9664,Discontinuities!$A$4:$A$9664,A22,Discontinuities!$C$4:$C$9664,">="&C22,Discontinuities!$C$4:$C$9664,"<"&D22,Discontinuities!$E$4:$E$9664,"=FLT") -> 7 | X22: 2 - One joint set | AB22: =IFERROR(ROUND((Data_Geotech[[#This Row],[Fault (m)]]+Data_Geotech[[#This Row],[Broken Core (m)]]+Data_Geotech[[#This Row],[Lost Core (m)]])*30,0),0) -> 0 | AC22: =IF(Data_Geotech[[#This Row],[Added fractures (BC, FLT, LC)]]+Data_Geotech[[#This Row],[Fracture per interval]]=0,99,1/((Data_Geotech[[#This Row],[Fracture per interval]]+Data_Geotech[[#This Row],[Added fractures (BC, FLT, LC)]])/Data_Geotech[[#This Row],[Run (m)]])) -> 0.33142857 | AD22: {=IFERROR(_xlfn.XLOOKUP(1,(A22=PLT!$A$4:$A$8886)*(Geotech!C22<=PLT!$F$4:$F$8886)*(Geotech!D22>=PLT!$F$4:$F$8886)*("Valid"=PLT!$P$4:$P$8886),PLT!$V$4:$V$8886),"")} -> 0 | AE22: {=IFERROR(_xlfn.XLOOKUP(1,(A22=PLT!$A$4:$A$8886)*(Geotech!C22<=PLT!$F$4:$F$8886)*(Geotech!D22>=PLT!$F$4:$F$8886)*(PLT!$V$4:$V$8886<>AD22)*("Valid"=PLT!$P$4:$P$7190),PLT!$V$4:$V$8886),"")} | AF22: {=IFERROR(_xlfn.XLOOKUP(1,(A22=PLT!$A$4:$A$8886)*(Geotech!C22<=PLT!$F$4:$F$8886)*(Geotech!D22>=PLT!$F$4:$F$8886)*(PLT!$V$4:$V$8886<>AD22)*(PLT!$V$4:$V$8886<>AE22)*("Valid"=PLT!$P$4:$P$7190),PLT!$V$4:$V$8886),"")} | AG22: =IFERROR(IF(AVERAGE(AD22:AF22)>References!$BO$23,References!$BP$23, IF(AVERAGE(AD22:AF22)>References!$BO$22,References!$BP$22, IF(AVERAGE(AD22:AF22)>References!$BO$21,References!$BP$21, IF(AVERAGE(AD22:AF22)>References!$BO$20,References!$BP$20, IF(AVERAGE(AD22:AF22)>References!$BO$19,References!$BP$19, IF(AVERAGE(AD22:AF22)>References!$BO$18,References!$BP$18, 0)))))),"") -> 0 | AH22: =IF(Data_Geotech[[#This Row],[Is50]]="",VLOOKUP(Data_Geotech[[#This Row],[Field Intact Rock Strength]],Table_RMR76_Strength[],2,FALSE),Data_Geotech[[#This Row],[Is50]]) -> 0 | AI22: =IF(Data_Geotech[[#This Row],[RQD (%)]]<=25,3,IF(Data_Geotech[[#This Row],[RQD (%)]]<=50,8,IF(Data_Geotech[[#This Row],[RQD (%)]]<=75,13,IF(Data_Geotech[[#This Row],[RQD (%)]]<=90,17,20)))) -> 20 | AJ22: =IF(Data_Geotech[[#This Row],[Joint spacing (m)]]<=0.05,5,IF(Data_Geotech[[#This Row],[Joint spacing (m)]]<=0.3,10,IF(Data_Geotech[[#This Row],[Joint spacing (m)]]<=1,20,IF(Data_Geotech[[#This Row],[Joint spacing (m)]]<=3,25,30)))) -> 20 | AK22: =IFERROR(AVERAGEIFS(Data_Discontinuities[[#All],[JCR]],Data_Discontinuities[[#All],[Hole ID]],"="&Data_Geotech[[#This Row],[Hole ID]],Data_Discontinuities[[#All],[Depth (m)]],">="&Data_Geotech[[#This Row],[From (m)]],Data_Discontinuities[[#All],[Depth (m)]],"<"&Data_Geotech[[#This Row],[To (m)]]),IF(Data_Geotech[[#This Row],[Added fractures (BC, FLT, LC)]]=0,IF(Data_Geotech[[#This Row],[Fracture per interval]]=0,25,6),6)) -> 20.571429 | AL22: 10 | AM22: =IF(Data_Geotech[[#This Row],[FIRS Code]]="R",IFERROR(SUM(Data_Geotech[[#This Row],[RMR76 - Strength rating]:[RMR76 - Ground water rating]]),""),"") -> 70.571429 | AN22: =IF(Data_Geotech[[#This Row],[FIRS Code]]="R",(2*Data_Geotech[[#This Row],[RMR76 - Joint condition rating]])+(IF(Data_Geotech[[#This Row],[RQD (%)]]>80,80/2,Data_Geotech[[#This Row],[RQD (%)]]/2)),"") -> 81.142857 | AO22: =LEFT(Data_Geotech[[#This Row],[Joint Set Rating]],FIND("-",Data_Geotech[[#This Row],[Joint Set Rating]],1)-2) -> 2 | AP22: =IFERROR(AVERAGEIFS(Data_Discontinuities[[#All],[Jr/Ja]],Data_Discontinuities[[#All],[Hole ID]],"="&Data_Geotech[[#This Row],[Hole ID]],Data_Discontinuities[[#All],[Depth (m)]],">="&Data_Geotech[[#This Row],[From (m)]],Data_Discontinuities[[#All],[Depth (m)]],"<"&Data_Geotech[[#This Row],[To (m)]]),IF(Data_Geotech[[#This Row],[Added fractures (BC, FLT, LC)]]>Data_Geotech[[#This Row],[Fracture per interval]],1/4,IF(Data_Geotech[[#This Row],[Fracture per interval]]=0,4/0.75,"ERROR: should never happen!"))) -> 1.1428571 | AQ22: =1/1 -> 1 | AR22: =IF(Data_Geotech[[#This Row],[FIRS Code]]="R",IFERROR((IF(Data_Geotech[[#This Row],[RQD (%)]]<10,10,Data_Geotech[[#This Row],[RQD (%)]])/Data_Geotech[[#This Row],[Jn rating]])*Data_Geotech[[#This Row],[Jr/Ja]],""),"") -> 57.142857 | AS22: =IF(Data_Geotech[[#This Row],[FIRS Code]]="R",IFERROR((IF(Data_Geotech[[#This Row],[RQD (%)]]<10,10,Data_Geotech[[#This Row],[RQD (%)]])/Data_Geotech[[#This Row],[Jn rating]])*Data_Geotech[[#This Row],[Jr/Ja]]*Data_Geotech[[#This Row],[Jw/SRF]],""),"") -> 57.142857 | AU22: =100-Data_Geotech[[#This Row],[RQD (%)]] -> 0 | AV22: =100-Data_Geotech[[#This Row],[TCR (%)]] -> -2.8421709e-13 | AW22: =(Data_Geotech[[#This Row],[Fracture per interval]]+Data_Geotech[[#This Row],[Added fractures (BC, FLT, LC)]])/Data_Geotech[[#This Row],[TCR (m)]] -> 3.0172414 | AX22: R | AY22: =7-MID(Data_Geotech[[#This Row],[Field Intact Rock Strength]],2,1) -> 2 | AZ22: =VLOOKUP(Data_Geotech[[#This Row],[Field Intact Rock Strength]],Table_FieldStrength[],2,FALSE) -> 100 | BA22: =VLOOKUP(Data_Geotech[[#This Row],[Field Intact Rock Strength]],Table_FieldStrength[],3,FALSE) -> 175 | BB22: =VLOOKUP(Data_Geotech[[#This Row],[Field Intact Rock Strength]],Table_FieldStrength[],4,FALSE) -> 250 | BC22: =100-Data_Geotech[[#This Row],[RMR76]] -> 29.428571 | BD22: =LEFT(Data_Geotech[[#This Row],[Weathering/Alteration]],FIND("-",Data_Geotech[[#This Row],[Weathering/Alteration]])-2) -> W1/A1
A23: COG-25-08 | B23: =VLOOKUP(Data_Geotech[[#This Row],[Hole ID]],Data_Log[],2,FALSE) -> CGF-01 | C23: 77.85 | D23: 80.86 | E23: =(Data_Geotech[[#This Row],[To (m)]]-Data_Geotech[[#This Row],[From (m)]])/2+Data_Geotech[[#This Row],[From (m)]] -> 79.355 | F23: =Data_Geotech[[#This Row],[To (m)]]-Data_Geotech[[#This Row],[From (m)]] -> 3.01 | G23: 2.91 | H23: =Data_Geotech[[#This Row],[TCR (m)]]/Data_Geotech[[#This Row],[Run (m)]]*100 -> 96.677741 | I23: 2.97 | J23: 2.97 | K23: 2.97 | L23: =Data_Geotech[[#This Row],[RQD (m)]]/Data_Geotech[[#This Row],[Run Reel (m)]]*100 -> 100 | M23: Boulamarque granodiorite | O23: W1/A1 - Fresh | P23: R4 - Strong | Q23: 1 - Weak | V23: 5 | W23: =SUMIFS(Discontinuities!$D$4:$D$9664,Discontinuities!$A$4:$A$9664,A23,Discontinuities!$C$4:$C$9664,">="&C23,Discontinuities!$C$4:$C$9664,"<"&D23) -SUMIFS(Discontinuities!$D$4:$D$9664,Discontinuities!$A$4:$A$9664,A23,Discontinuities!$C$4:$C$9664,">="&C23,Discontinuities!$C$4:$C$9664,"<"&D23,Discontinuities!$E$4:$E$9664,"=BC") -SUMIFS(Discontinuities!$D$4:$D$9664,Discontinuities!$A$4:$A$9664,A23,Discontinuities!$C$4:$C$9664,">="&C23,Discontinuities!$C$4:$C$9664,"<"&D23,Discontinuities!$E$4:$E$9664,"=LC") -SUMIFS(Discontinuities!$D$4:$D$9664,Discontinuities!$A$4:$A$9664,A23,Discontinuities!$C$4:$C$9664,">="&C23,Discontinuities!$C$4:$C$9664,"<"&D23,Discontinuities!$E$4:$E$9664,"=FLT") -> 5 | X23: 2 - One joint set | AB23: =IFERROR(ROUND((Data_Geotech[[#This Row],[Fault (m)]]+Data_Geotech[[#This Row],[Broken Core (m)]]+Data_Geotech[[#This Row],[Lost Core (m)]])*30,0),0) -> 0 | AC23: =IF(Data_Geotech[[#This Row],[Added fractures (BC, FLT, LC)]]+Data_Geotech[[#This Row],[Fracture per interval]]=0,99,1/((Data_Geotech[[#This Row],[Fracture per interval]]+Data_Geotech[[#This Row],[Added fractures (BC, FLT, LC)]])/Data_Geotech[[#This Row],[Run (m)]])) -> 0.602 | AD23: {=IFERROR(_xlfn.XLOOKUP(1,(A23=PLT!$A$4:$A$8886)*(Geotech!C23<=PLT!$F$4:$F$8886)*(Geotech!D23>=PLT!$F$4:$F$8886)*("Valid"=PLT!$P$4:$P$8886),PLT!$V$4:$V$8886),"")} -> 0 | AE23: {=IFERROR(_xlfn.XLOOKUP(1,(A23=PLT!$A$4:$A$8886)*(Geotech!C23<=PLT!$F$4:$F$8886)*(Geotech!D23>=PLT!$F$4:$F$8886)*(PLT!$V$4:$V$8886<>AD23)*("Valid"=PLT!$P$4:$P$7190),PLT!$V$4:$V$8886),"")} | AF23: {=IFERROR(_xlfn.XLOOKUP(1,(A23=PLT!$A$4:$A$8886)*(Geotech!C23<=PLT!$F$4:$F$8886)*(Geotech!D23>=PLT!$F$4:$F$8886)*(PLT!$V$4:$V$8886<>AD23)*(PLT!$V$4:$V$8886<>AE23)*("Valid"=PLT!$P$4:$P$7190),PLT!$V$4:$V$8886),"")} | AG23: =IFERROR(IF(AVERAGE(AD23:AF23)>References!$BO$23,References!$BP$23, IF(AVERAGE(AD23:AF23)>References!$BO$22,References!$BP$22, IF(AVERAGE(AD23:AF23)>References!$BO$21,References!$BP$21, IF(AVERAGE(AD23:AF23)>References!$BO$20,References!$BP$20, IF(AVERAGE(AD23:AF23)>References!$BO$19,References!$BP$19, IF(AVERAGE(AD23:AF23)>References!$BO$18,References!$BP$18, 0)))))),"") -> 0 | AH23: =IF(Data_Geotech[[#This Row],[Is50]]="",VLOOKUP(Data_Geotech[[#This Row],[Field Intact Rock Strength]],Table_RMR76_Strength[],2,FALSE),Data_Geotech[[#This Row],[Is50]]) -> 0 | AI23: =IF(Data_Geotech[[#This Row],[RQD (%)]]<=25,3,IF(Data_Geotech[[#This Row],[RQD (%)]]<=50,8,IF(Data_Geotech[[#This Row],[RQD (%)]]<=75,13,IF(Data_Geotech[[#This Row],[RQD (%)]]<=90,17,20)))) -> 20 | AJ23: =IF(Data_Geotech[[#This Row],[Joint spacing (m)]]<=0.05,5,IF(Data_Geotech[[#This Row],[Joint spacing (m)]]<=0.3,10,IF(Data_Geotech[[#This Row],[Joint spacing (m)]]<=1,20,IF(Data_Geotech[[#This Row],[Joint spacing (m)]]<=3,25,30)))) -> 20 | AK23: =IFERROR(AVERAGEIFS(Data_Discontinuities[[#All],[JCR]],Data_Discontinuities[[#All],[Hole ID]],"="&Data_Geotech[[#This Row],[Hole ID]],Data_Discontinuities[[#All],[Depth (m)]],">="&Data_Geotech[[#This Row],[From (m)]],Data_Discontinuities[[#All],[Depth (m)]],"<"&Data_Geotech[[#This Row],[To (m)]]),IF(Data_Geotech[[#This Row],[Added fractures (BC, FLT, LC)]]=0,IF(Data_Geotech[[#This Row],[Fracture per interval]]=0,25,6),6)) -> 20.4 | AL23: 10 | AM23: =IF(Data_Geotech[[#This Row],[FIRS Code]]="R",IFERROR(SUM(Data_Geotech[[#This Row],[RMR76 - Strength rating]:[RMR76 - Ground water rating]]),""),"") -> 70.4 | AN23: =IF(Data_Geotech[[#This Row],[FIRS Code]]="R",(2*Data_Geotech[[#This Row],[RMR76 - Joint condition rating]])+(IF(Data_Geotech[[#This Row],[RQD (%)]]>80,80/2,Data_Geotech[[#This Row],[RQD (%)]]/2)),"") -> 80.8 | AO23: =LEFT(Data_Geotech[[#This Row],[Joint Set Rating]],FIND("-",Data_Geotech[[#This Row],[Joint Set Rating]],1)-2) -> 2 | AP23: =IFERROR(AVERAGEIFS(Data_Discontinuities[[#All],[Jr/Ja]],Data_Discontinuities[[#All],[Hole ID]],"="&Data_Geotech[[#This Row],[Hole ID]],Data_Discontinuities[[#All],[Depth (m)]],">="&Data_Geotech[[#This Row],[From (m)]],Data_Discontinuities[[#All],[Depth (m)]],"<"&Data_Geotech[[#This Row],[To (m)]]),IF(Data_Geotech[[#This Row],[Added fractures (BC, FLT, LC)]]>Data_Geotech[[#This Row],[Fracture per interval]],1/4,IF(Data_Geotech[[#This Row],[Fracture per interval]]=0,4/0.75,"ERROR: should never happen!"))) -> 1.05 | AQ23: =1/1 -> 1 | AR23: =IF(Data_Geotech[[#This Row],[FIRS Code]]="R",IFERROR((IF(Data_Geotech[[#This Row],[RQD (%)]]<10,10,Data_Geotech[[#This Row],[RQD (%)]])/Data_Geotech[[#This Row],[Jn rating]])*Data_Geotech[[#This Row],[Jr/Ja]],""),"") -> 52.5 | AS23: =IF(Data_Geotech[[#This Row],[FIRS Code]]="R",IFERROR((IF(Data_Geotech[[#This Row],[RQD (%)]]<10,10,Data_Geotech[[#This Row],[RQD (%)]])/Data_Geotech[[#This Row],[Jn rating]])*Data_Geotech[[#This Row],[Jr/Ja]]*Data_Geotech[[#This Row],[Jw/SRF]],""),"") -> 52.5 | AU23: =100-Data_Geotech[[#This Row],[RQD (%)]] -> 0 | AV23: =100-Data_Geotech[[#This Row],[TCR (%)]] -> 3.3222591 | AW23: =(Data_Geotech[[#This Row],[Fracture per interval]]+Data_Geotech[[#This Row],[Added fractures (BC, FLT, LC)]])/Data_Geotech[[#This Row],[TCR (m)]] -> 1.7182131 | AX23: R | AY23: =7-MID(Data_Geotech[[#This Row],[Field Intact Rock Strength]],2,1) -> 3 | AZ23: =VLOOKUP(Data_Geotech[[#This Row],[Field Intact Rock Strength]],Table_FieldStrength[],2,FALSE) -> 50 | BA23: =VLOOKUP(Data_Geotech[[#This Row],[Field Intact Rock Strength]],Table_FieldStrength[],3,FALSE) -> 75 | BB23: =VLOOKUP(Data_Geotech[[#This Row],[Field Intact Rock Strength]],Table_FieldStrength[],4,FALSE) -> 100 | BC23: =100-Data_Geotech[[#This Row],[RMR76]] -> 29.6 | BD23: =LEFT(Data_Geotech[[#This Row],[Weathering/Alteration]],FIND("-",Data_Geotech[[#This Row],[Weathering/Alteration]])-2) -> W1/A1
A24: COG-25-08 | B24: =VLOOKUP(Data_Geotech[[#This Row],[Hole ID]],Data_Log[],2,FALSE) -> CGF-01 | C24: 80.86 | D24: 83.93 | E24: =(Data_Geotech[[#This Row],[To (m)]]-Data_Geotech[[#This Row],[From (m)]])/2+Data_Geotech[[#This Row],[From (m)]] -> 82.395 | F24: =Data_Geotech[[#This Row],[To (m)]]-Data_Geotech[[#This Row],[From (m)]] -> 3.07 | G24: 3.07 | H24: =Data_Geotech[[#This Row],[TCR (m)]]/Data_Geotech[[#This Row],[Run (m)]]*100 -> 100 | I24: 3.03 | J24: 3.03 | K24: 2.88 | L24: =Data_Geotech[[#This Row],[RQD (m)]]/Data_Geotech[[#This Row],[Run Reel (m)]]*100 -> 95.049505 | M24: Boulamarque granodiorite | O24: W1/A1 - Fresh | P24: R5 - Very strong | Q24: 1 - Weak | V24: 8 | W24: =SUMIFS(Discontinuities!$D$4:$D$9664,Discontinuities!$A$4:$A$9664,A24,Discontinuities!$C$4:$C$9664,">="&C24,Discontinuities!$C$4:$C$9664,"<"&D24) -SUMIFS(Discontinuities!$D$4:$D$9664,Discontinuities!$A$4:$A$9664,A24,Discontinuities!$C$4:$C$9664,">="&C24,Discontinuities!$C$4:$C$9664,"<"&D24,Discontinuities!$E$4:$E$9664,"=BC") -SUMIFS(Discontinuities!$D$4:$D$9664,Discontinuities!$A$4:$A$9664,A24,Discontinuities!$C$4:$C$9664,">="&C24,Discontinuities!$C$4:$C$9664,"<"&D24,Discontinuities!$E$4:$E$9664,"=LC") -SUMIFS(Discontinuities!$D$4:$D$9664,Discontinuities!$A$4:$A$9664,A24,Discontinuities!$C$4:$C$9664,">="&C24,Discontinuities!$C$4:$C$9664,"<"&D24,Discontinuities!$E$4:$E$9664,"=FLT") -> 8 | X24: 2 - One joint set | AB24: =IFERROR(ROUND((Data_Geotech[[#This Row],[Fault (m)]]+Data_Geotech[[#This Row],[Broken Core (m)]]+Data_Geotech[[#This Row],[Lost Core (m)]])*30,0),0) -> 0 | AC24: =IF(Data_Geotech[[#This Row],[Added fractures (BC, FLT, LC)]]+Data_Geotech[[#This Row],[Fracture per interval]]=0,99,1/((Data_Geotech[[#This Row],[Fracture per interval]]+Data_Geotech[[#This Row],[Added fractures (BC, FLT, LC)]])/Data_Geotech[[#This Row],[Run (m)]])) -> 0.38375 | AD24: {=IFERROR(_xlfn.XLOOKUP(1,(A24=PLT!$A$4:$A$8886)*(Geotech!C24<=PLT!$F$4:$F$8886)*(Geotech!D24>=PLT!$F$4:$F$8886)*("Valid"=PLT!$P$4:$P$8886),PLT!$V$4:$V$8886),"")} -> 0 | AE24: {=IFERROR(_xlfn.XLOOKUP(1,(A24=PLT!$A$4:$A$8886)*(Geotech!C24<=PLT!$F$4:$F$8886)*(Geotech!D24>=PLT!$F$4:$F$8886)*(PLT!$V$4:$V$8886<>AD24)*("Valid"=PLT!$P$4:$P$7190),PLT!$V$4:$V$8886),"")} | AF24: {=IFERROR(_xlfn.XLOOKUP(1,(A24=PLT!$A$4:$A$8886)*(Geotech!C24<=PLT!$F$4:$F$8886)*(Geotech!D24>=PLT!$F$4:$F$8886)*(PLT!$V$4:$V$8886<>AD24)*(PLT!$V$4:$V$8886<>AE24)*("Valid"=PLT!$P$4:$P$7190),PLT!$V$4:$V$8886),"")} | AG24: =IFERROR(IF(AVERAGE(AD24:AF24)>References!$BO$23,References!$BP$23, IF(AVERAGE(AD24:AF24)>References!$BO$22,References!$BP$22, IF(AVERAGE(AD24:AF24)>References!$BO$21,References!$BP$21, IF(AVERAGE(AD24:AF24)>References!$BO$20,References!$BP$20, IF(AVERAGE(AD24:AF24)>References!$BO$19,References!$BP$19, IF(AVERAGE(AD24:AF24)>References!$BO$18,References!$BP$18, 0)))))),"") -> 0 | AH24: =IF(Data_Geotech[[#This Row],[Is50]]="",VLOOKUP(Data_Geotech[[#This Row],[Field Intact Rock Strength]],Table_RMR76_Strength[],2,FALSE),Data_Geotech[[#This Row],[Is50]]) -> 0 | AI24: =IF(Data_Geotech[[#This Row],[RQD (%)]]<=25,3,IF(Data_Geotech[[#This Row],[RQD (%)]]<=50,8,IF(Data_Geotech[[#This Row],[RQD (%)]]<=75,13,IF(Data_Geotech[[#This Row],[RQD (%)]]<=90,17,20)))) -> 20 | AJ24: =IF(Data_Geotech[[#This Row],[Joint spacing (m)]]<=0.05,5,IF(Data_Geotech[[#This Row],[Joint spacing (m)]]<=0.3,10,IF(Data_Geotech[[#This Row],[Joint spacing (m)]]<=1,20,IF(Data_Geotech[[#This Row],[Joint spacing (m)]]<=3,25,30)))) -> 20 | AK24: =IFERROR(AVERAGEIFS(Data_Discontinuities[[#All],[JCR]],Data_Discontinuities[[#All],[Hole ID]],"="&Data_Geotech[[#This Row],[Hole ID]],Data_Discontinuities[[#All],[Depth (m)]],">="&Data_Geotech[[#This Row],[From (m)]],Data_Discontinuities[[#All],[Depth (m)]],"<"&Data_Geotech[[#This Row],[To (m)]]),IF(Data_Geotech[[#This Row],[Added fractures (BC, FLT, LC)]]=0,IF(Data_Geotech[[#This Row],[Fracture per interval]]=0,25,6),6)) -> 20.875 | AL24: 10 | AM24: =IF(Data_Geotech[[#This Row],[FIRS Code]]="R",IFERROR(SUM(Data_Geotech[[#This Row],[RMR76 - Strength rating]:[RMR76 - Ground water rating]]),""),"") -> 70.875 | AN24: =IF(Data_Geotech[[#This Row],[FIRS Code]]="R",(2*Data_Geotech[[#This Row],[RMR76 - Joint condition rating]])+(IF(Data_Geotech[[#This Row],[RQD (%)]]>80,80/2,Data_Geotech[[#This Row],[RQD (%)]]/2)),"") -> 81.75 | AO24: =LEFT(Data_Geotech[[#This Row],[Joint Set Rating]],FIND("-",Data_Geotech[[#This Row],[Joint Set Rating]],1)-2) -> 2 | AP24: =IFERROR(AVERAGEIFS(Data_Discontinuities[[#All],[Jr/Ja]],Data_Discontinuities[[#All],[Hole ID]],"="&Data_Geotech[[#This Row],[Hole ID]],Data_Discontinuities[[#All],[Depth (m)]],">="&Data_Geotech[[#This Row],[From (m)]],Data_Discontinuities[[#All],[Depth (m)]],"<"&Data_Geotech[[#This Row],[To (m)]]),IF(Data_Geotech[[#This Row],[Added fractures (BC, FLT, LC)]]>Data_Geotech[[#This Row],[Fracture per interval]],1/4,IF(Data_Geotech[[#This Row],[Fracture per interval]]=0,4/0.75,"ERROR: should never happen!"))) -> 1.28125 | AQ24: =1/1 -> 1 | AR24: =IF(Data_Geotech[[#This Row],[FIRS Code]]="R",IFERROR((IF(Data_Geotech[[#This Row],[RQD (%)]]<10,10,Data_Geotech[[#This Row],[RQD (%)]])/Data_Geotech[[#This Row],[Jn rating]])*Data_Geotech[[#This Row],[Jr/Ja]],""),"") -> 60.891089 | AS24: =IF(Data_Geotech[[#This Row],[FIRS Code]]="R",IFERROR((IF(Data_Geotech[[#This Row],[RQD (%)]]<10,10,Data_Geotech[[#This Row],[RQD (%)]])/Data_Geotech[[#This Row],[Jn rating]])*Data_Geotech[[#This Row],[Jr/Ja]]*Data_Geotech[[#This Row],[Jw/SRF]],""),"") -> 60.891089 | AU24: =100-Data_Geotech[[#This Row],[RQD (%)]] -> 4.950495 | AV24: =100-Data_Geotech[[#This Row],[TCR (%)]] -> 2.4158453e-13 | AW24: =(Data_Geotech[[#This Row],[Fracture per interval]]+Data_Geotech[[#This Row],[Added fractures (BC, FLT, LC)]])/Data_Geotech[[#This Row],[TCR (m)]] -> 2.6058632 | AX24: R | AY24: =7-MID(Data_Geotech[[#This Row],[Field Intact Rock Strength]],2,1) -> 2 | AZ24: =VLOOKUP(Data_Geotech[[#This Row],[Field Intact Rock Strength]],Table_FieldStrength[],2,FALSE) -> 100 | BA24: =VLOOKUP(Data_Geotech[[#This Row],[Field Intact Rock Strength]],Table_FieldStrength[],3,FALSE) -> 175 | BB24: =VLOOKUP(Data_Geotech[[#This Row],[Field Intact Rock Strength]],Table_FieldStrength[],4,FALSE) -> 250 | BC24: =100-Data_Geotech[[#This Row],[RMR76]] -> 29.125 | BD24: =LEFT(Data_Geotech[[#This Row],[Weathering/Alteration]],FIND("-",Data_Geotech[[#This Row],[Weathering/Alteration]])-2) -> W1/A1
A25: COG-25-08 | B25: =VLOOKUP(Data_Geotech[[#This Row],[Hole ID]],Data_Log[],2,FALSE) -> CGF-01 | C25: 83.93 | D25: 86.98 | E25: =(Data_Geotech[[#This Row],[To (m)]]-Data_Geotech[[#This Row],[From (m)]])/2+Data_Geotech[[#This Row],[From (m)]] -> 85.455 | F25: =Data_Geotech[[#This Row],[To (m)]]-Data_Geotech[[#This Row],[From (m)]] -> 3.05 | G25: 3.05 | H25: =Data_Geotech[[#This Row],[TCR (m)]]/Data_Geotech[[#This Row],[Run (m)]]*100 -> 100 | I25: 3.05 | J25: 3.05 | K25: 3.05 | L25: =Data_Geotech[[#This Row],[RQD (m)]]/Data_Geotech[[#This Row],[Run Reel (m)]]*100 -> 100 | M25: Boulamarque granodiorite | O25: W1/A1 - Fresh | P25: R4 - Strong | Q25: 2 - Moderate | V25: 10 | W25: =SUMIFS(Discontinuities!$D$4:$D$9664,Discontinuities!$A$4:$A$9664,A25,Discontinuities!$C$4:$C$9664,">="&C25,Discontinuities!$C$4:$C$9664,"<"&D25) -SUMIFS(Discontinuities!$D$4:$D$9664,Discontinuities!$A$4:$A$9664,A25,Discontinuities!$C$4:$C$9664,">="&C25,Discontinuities!$C$4:$C$9664,"<"&D25,Discontinuities!$E$4:$E$9664,"=BC") -SUMIFS(Discontinuities!$D$4:$D$9664,Discontinuities!$A$4:$A$9664,A25,Discontinuities!$C$4:$C$9664,">="&C25,Discontinuities!$C$4:$C$9664,"<"&D25,Discontinuities!$E$4:$E$9664,"=LC") -SUMIFS(Discontinuities!$D$4:$D$9664,Discontinuities!$A$4:$A$9664,A25,Discontinuities!$C$4:$C$9664,">="&C25,Discontinuities!$C$4:$C$9664,"<"&D25,Discontinuities!$E$4:$E$9664,"=FLT") -> 10 | X25: 3 - One joint set plus random joint (s) | AB25: =IFERROR(ROUND((Data_Geotech[[#This Row],[Fault (m)]]+Data_Geotech[[#This Row],[Broken Core (m)]]+Data_Geotech[[#This Row],[Lost Core (m)]])*30,0),0) -> 0 | AC25: =IF(Data_Geotech[[#This Row],[Added fractures (BC, FLT, LC)]]+Data_Geotech[[#This Row],[Fracture per interval]]=0,99,1/((Data_Geotech[[#This Row],[Fracture per interval]]+Data_Geotech[[#This Row],[Added fractures (BC, FLT, LC)]])/Data_Geotech[[#This Row],[Run (m)]])) -> 0.305 | AD25: {=IFERROR(_xlfn.XLOOKUP(1,(A25=PLT!$A$4:$A$8886)*(Geotech!C25<=PLT!$F$4:$F$8886)*(Geotech!D25>=PLT!$F$4:$F$8886)*("Valid"=PLT!$P$4:$P$8886),PLT!$V$4:$V$8886),"")} -> 0 | AE25: {=IFERROR(_xlfn.XLOOKUP(1,(A25=PLT!$A$4:$A$8886)*(Geotech!C25<=PLT!$F$4:$F$8886)*(Geotech!D25>=PLT!$F$4:$F$8886)*(PLT!$V$4:$V$8886<>AD25)*("Valid"=PLT!$P$4:$P$7190),PLT!$V$4:$V$8886),"")} | AF25: {=IFERROR(_xlfn.XLOOKUP(1,(A25=PLT!$A$4:$A$8886)*(Geotech!C25<=PLT!$F$4:$F$8886)*(Geotech!D25>=PLT!$F$4:$F$8886)*(PLT!$V$4:$V$8886<>AD25)*(PLT!$V$4:$V$8886<>AE25)*("Valid"=PLT!$P$4:$P$7190),PLT!$V$4:$V$8886),"")} | AG25: =IFERROR(IF(AVERAGE(AD25:AF25)>References!$BO$23,References!$BP$23, IF(AVERAGE(AD25:AF25)>References!$BO$22,References!$BP$22, IF(AVERAGE(AD25:AF25)>References!$BO$21,References!$BP$21, IF(AVERAGE(AD25:AF25)>References!$BO$20,References!$BP$20, IF(AVERAGE(AD25:AF25)>References!$BO$19,References!$BP$19, IF(AVERAGE(AD25:AF25)>References!$BO$18,References!$BP$18, 0)))))),"") -> 0 | AH25: =IF(Data_Geotech[[#This Row],[Is50]]="",VLOOKUP(Data_Geotech[[#This Row],[Field Intact Rock Strength]],Table_RMR76_Strength[],2,FALSE),Data_Geotech[[#This Row],[Is50]]) -> 0 | AI25: =IF(Data_Geotech[[#This Row],[RQD (%)]]<=25,3,IF(Data_Geotech[[#This Row],[RQD (%)]]<=50,8,IF(Data_Geotech[[#This Row],[RQD (%)]]<=75,13,IF(Data_Geotech[[#This Row],[RQD (%)]]<=90,17,20)))) -> 20 | AJ25: =IF(Data_Geotech[[#This Row],[Joint spacing (m)]]<=0.05,5,IF(Data_Geotech[[#This Row],[Joint spacing (m)]]<=0.3,10,IF(Data_Geotech[[#This Row],[Joint spacing (m)]]<=1,20,IF(Data_Geotech[[#This Row],[Joint spacing (m)]]<=3,25,30)))) -> 20 | AK25: =IFERROR(AVERAGEIFS(Data_Discontinuities[[#All],[JCR]],Data_Discontinuities[[#All],[Hole ID]],"="&Data_Geotech[[#This Row],[Hole ID]],Data_Discontinuities[[#All],[Depth (m)]],">="&Data_Geotech[[#This Row],[From (m)]],Data_Discontinuities[[#All],[Depth (m)]],"<"&Data_Geotech[[#This Row],[To (m)]]),IF(Data_Geotech[[#This Row],[Added fractures (BC, FLT, LC)]]=0,IF(Data_Geotech[[#This Row],[Fracture per interval]]=0,25,6),6)) -> 23 | AL25: 10 | AM25: =IF(Data_Geotech[[#This Row],[FIRS Code]]="R",IFERROR(SUM(Data_Geotech[[#This Row],[RMR76 - Strength rating]:[RMR76 - Ground water rating]]),""),"") -> 73 | AN25: =IF(Data_Geotech[[#This Row],[FIRS Code]]="R",(2*Data_Geotech[[#This Row],[RMR76 - Joint condition rating]])+(IF(Data_Geotech[[#This Row],[RQD (%)]]>80,80/2,Data_Geotech[[#This Row],[RQD (%)]]/2)),"") -> 86 | AO25: =LEFT(Data_Geotech[[#This Row],[Joint Set Rating]],FIND("-",Data_Geotech[[#This Row],[Joint Set Rating]],1)-2) -> 3 | AP25: =IFERROR(AVERAGEIFS(Data_Discontinuities[[#All],[Jr/Ja]],Data_Discontinuities[[#All],[Hole ID]],"="&Data_Geotech[[#This Row],[Hole ID]],Data_Discontinuities[[#All],[Depth (m)]],">="&Data_Geotech[[#This Row],[From (m)]],Data_Discontinuities[[#All],[Depth (m)]],"<"&Data_Geotech[[#This Row],[To (m)]]),IF(Data_Geotech[[#This Row],[Added fractures (BC, FLT, LC)]]>Data_Geotech[[#This Row],[Fracture per interval]],1/4,IF(Data_Geotech[[#This Row],[Fracture per interval]]=0,4/0.75,"ERROR: should never happen!"))) -> 1.725 | AQ25: =1/1 -> 1 | AR25: =IF(Data_Geotech[[#This Row],[FIRS Code]]="R",IFERROR((IF(Data_Geotech[[#This Row],[RQD (%)]]<10,10,Data_Geotech[[#This Row],[RQD (%)]])/Data_Geotech[[#This Row],[Jn rating]])*Data_Geotech[[#This Row],[Jr/Ja]],""),"") -> 57.5 | AS25: =IF(Data_Geotech[[#This Row],[FIRS Code]]="R",IFERROR((IF(Data_Geotech[[#This Row],[RQD (%)]]<10,10,Data_Geotech[[#This Row],[RQD (%)]])/Data_Geotech[[#This Row],[Jn rating]])*Data_Geotech[[#This Row],[Jr/Ja]]*Data_Geotech[[#This Row],[Jw/SRF]],""),"") -> 57.5 | AU25: =100-Data_Geotech[[#This Row],[RQD (%)]] -> 0 | AV25: =100-Data_Geotech[[#This Row],[TCR (%)]] -> 0 | AW25: =(Data_Geotech[[#This Row],[Fracture per interval]]+Data_Geotech[[#This Row],[Added fractures (BC, FLT, LC)]])/Data_Geotech[[#This Row],[TCR (m)]] -> 3.2786885 | AX25: R | AY25: =7-MID(Data_Geotech[[#This Row],[Field Intact Rock Strength]],2,1) -> 3 | AZ25: =VLOOKUP(Data_Geotech[[#This Row],[Field Intact Rock Strength]],Table_FieldStrength[],2,FALSE) -> 50 | BA25: =VLOOKUP(Data_Geotech[[#This Row],[Field Intact Rock Strength]],Table_FieldStrength[],3,FALSE) -> 75 | BB25: =VLOOKUP(Data_Geotech[[#This Row],[Field Intact Rock Strength]],Table_FieldStrength[],4,FALSE) -> 100 | BC25: =100-Data_Geotech[[#This Row],[RMR76]] -> 27 | BD25: =LEFT(Data_Geotech[[#This Row],[Weathering/Alteration]],FIND("-",Data_Geotech[[#This Row],[Weathering/Alteration]])-2) -> W1/A1
A26: COG-25-08 | B26: =VLOOKUP(Data_Geotech[[#This Row],[Hole ID]],Data_Log[],2,FALSE) -> CGF-01 | C26: 86.98 | D26: 89.94 | E26: =(Data_Geotech[[#This Row],[To (m)]]-Data_Geotech[[#This Row],[From (m)]])/2+Data_Geotech[[#This Row],[From (m)]] -> 88.46 | F26: =Data_Geotech[[#This Row],[To (m)]]-Data_Geotech[[#This Row],[From (m)]] -> 2.96 | G26: 2.96 | H26: =Data_Geotech[[#This Row],[TCR (m)]]/Data_Geotech[[#This Row],[Run (m)]]*100 -> 100 | I26: 3 | J26: 3 | K26: 3 | L26: =Data_Geotech[[#This Row],[RQD (m)]]/Data_Geotech[[#This Row],[Run Reel (m)]]*100 -> 100 | M26: Boulamarque granodiorite | O26: W1/A1 - Fresh | P26: R5 - Very strong | Q26: 2 - Moderate | V26: 1 | W26: =SUMIFS(Discontinuities!$D$4:$D$9664,Discontinuities!$A$4:$A$9664,A26,Discontinuities!$C$4:$C$9664,">="&C26,Discontinuities!$C$4:$C$9664,"<"&D26) -SUMIFS(Discontinuities!$D$4:$D$9664,Discontinuities!$A$4:$A$9664,A26,Discontinuities!$C$4:$C$9664,">="&C26,Discontinuities!$C$4:$C$9664,"<"&D26,Discontinuities!$E$4:$E$9664,"=BC") -SUMIFS(Discontinuities!$D$4:$D$9664,Discontinuities!$A$4:$A$9664,A26,Discontinuities!$C$4:$C$9664,">="&C26,Discontinuities!$C$4:$C$9664,"<"&D26,Discontinuities!$E$4:$E$9664,"=LC") -SUMIFS(Discontinuities!$D$4:$D$9664,Discontinuities!$A$4:$A$9664,A26,Discontinuities!$C$4:$C$9664,">="&C26,Discontinuities!$C$4:$C$9664,"<"&D26,Discontinuities!$E$4:$E$9664,"=FLT") -> 1 | X26: 4 - Two joint sets | AB26: =IFERROR(ROUND((Data_Geotech[[#This Row],[Fault (m)]]+Data_Geotech[[#This Row],[Broken Core (m)]]+Data_Geotech[[#This Row],[Lost Core (m)]])*30,0),0) -> 0 | AC26: =IF(Data_Geotech[[#This Row],[Added fractures (BC, FLT, LC)]]+Data_Geotech[[#This Row],[Fracture per interval]]=0,99,1/((Data_Geotech[[#This Row],[Fracture per interval]]+Data_Geotech[[#This Row],[Added fractures (BC, FLT, LC)]])/Data_Geotech[[#This Row],[Run (m)]])) -> 2.96 | AD26: {=IFERROR(_xlfn.XLOOKUP(1,(A26=PLT!$A$4:$A$8886)*(Geotech!C26<=PLT!$F$4:$F$8886)*(Geotech!D26>=PLT!$F$4:$F$8886)*("Valid"=PLT!$P$4:$P$8886),PLT!$V$4:$V$8886),"")} -> 0 | AE26: {=IFERROR(_xlfn.XLOOKUP(1,(A26=PLT!$A$4:$A$8886)*(Geotech!C26<=PLT!$F$4:$F$8886)*(Geotech!D26>=PLT!$F$4:$F$8886)*(PLT!$V$4:$V$8886<>AD26)*("Valid"=PLT!$P$4:$P$7190),PLT!$V$4:$V$8886),"")} | AF26: {=IFERROR(_xlfn.XLOOKUP(1,(A26=PLT!$A$4:$A$8886)*(Geotech!C26<=PLT!$F$4:$F$8886)*(Geotech!D26>=PLT!$F$4:$F$8886)*(PLT!$V$4:$V$8886<>AD26)*(PLT!$V$4:$V$8886<>AE26)*("Valid"=PLT!$P$4:$P$7190),PLT!$V$4:$V$8886),"")} | AG26: =IFERROR(IF(AVERAGE(AD26:AF26)>References!$BO$23,References!$BP$23, IF(AVERAGE(AD26:AF26)>References!$BO$22,References!$BP$22, IF(AVERAGE(AD26:AF26)>References!$BO$21,References!$BP$21, IF(AVERAGE(AD26:AF26)>References!$BO$20,References!$BP$20, IF(AVERAGE(AD26:AF26)>References!$BO$19,References!$BP$19, IF(AVERAGE(AD26:AF26)>References!$BO$18,References!$BP$18, 0)))))),"") -> 0 | AH26: =IF(Data_Geotech[[#This Row],[Is50]]="",VLOOKUP(Data_Geotech[[#This Row],[Field Intact Rock Strength]],Table_RMR76_Strength[],2,FALSE),Data_Geotech[[#This Row],[Is50]]) -> 0 | AI26: =IF(Data_Geotech[[#This Row],[RQD (%)]]<=25,3,IF(Data_Geotech[[#This Row],[RQD (%)]]<=50,8,IF(Data_Geotech[[#This Row],[RQD (%)]]<=75,13,IF(Data_Geotech[[#This Row],[RQD (%)]]<=90,17,20)))) -> 20 | AJ26: =IF(Data_Geotech[[#This Row],[Joint spacing (m)]]<=0.05,5,IF(Data_Geotech[[#This Row],[Joint spacing (m)]]<=0.3,10,IF(Data_Geotech[[#This Row],[Joint spacing (m)]]<=1,20,IF(Data_Geotech[[#This Row],[Joint spacing (m)]]<=3,25,30)))) -> 25 | AK26: =IFERROR(AVERAGEIFS(Data_Discontinuities[[#All],[JCR]],Data_Discontinuities[[#All],[Hole ID]],"="&Data_Geotech[[#This Row],[Hole ID]],Data_Discontinuities[[#All],[Depth (m)]],">="&Data_Geotech[[#This Row],[From (m)]],Data_Discontinuities[[#All],[Depth (m)]],"<"&Data_Geotech[[#This Row],[To (m)]]),IF(Data_Geotech[[#This Row],[Added fractures (BC, FLT, LC)]]=0,IF(Data_Geotech[[#This Row],[Fracture per interval]]=0,25,6),6)) -> 25 | AL26: 10 | AM26: =IF(Data_Geotech[[#This Row],[FIRS Code]]="R",IFERROR(SUM(Data_Geotech[[#This Row],[RMR76 - Strength rating]:[RMR76 - Ground water rating]]),""),"") -> 80 | AN26: =IF(Data_Geotech[[#This Row],[FIRS Code]]="R",(2*Data_Geotech[[#This Row],[RMR76 - Joint condition rating]])+(IF(Data_Geotech[[#This Row],[RQD (%)]]>80,80/2,Data_Geotech[[#This Row],[RQD (%)]]/2)),"") -> 90 | AO26: =LEFT(Data_Geotech[[#This Row],[Joint Set Rating]],FIND("-",Data_Geotech[[#This Row],[Joint Set Rating]],1)-2) -> 4 | AP26: =IFERROR(AVERAGEIFS(Data_Discontinuities[[#All],[Jr/Ja]],Data_Discontinuities[[#All],[Hole ID]],"="&Data_Geotech[[#This Row],[Hole ID]],Data_Discontinuities[[#All],[Depth (m)]],">="&Data_Geotech[[#This Row],[From (m)]],Data_Discontinuities[[#All],[Depth (m)]],"<"&Data_Geotech[[#This Row],[To (m)]]),IF(Data_Geotech[[#This Row],[Added fractures (BC, FLT, LC)]]>Data_Geotech[[#This Row],[Fracture per interval]],1/4,IF(Data_Geotech[[#This Row],[Fracture per interval]]=0,4/0.75,"ERROR: should never happen!"))) -> 1.5 | AQ26: =1/1 -> 1 | AR26: =IF(Data_Geotech[[#This Row],[FIRS Code]]="R",IFERROR((IF(Data_Geotech[[#This Row],[RQD (%)]]<10,10,Data_Geotech[[#This Row],[RQD (%)]])/Data_Geotech[[#This Row],[Jn rating]])*Data_Geotech[[#This Row],[Jr/Ja]],""),"") -> 37.5 | AS26: =IF(Data_Geotech[[#This Row],[FIRS Code]]="R",IFERROR((IF(Data_Geotech[[#This Row],[RQD (%)]]<10,10,Data_Geotech[[#This Row],[RQD (%)]])/Data_Geotech[[#This Row],[Jn rating]])*Data_Geotech[[#This Row],[Jr/Ja]]*Data_Geotech[[#This Row],[Jw/SRF]],""),"") -> 37.5 | AU26: =100-Data_Geotech[[#This Row],[RQD (%)]] -> 0 | AV26: =100-Data_Geotech[[#This Row],[TCR (%)]] -> -1.9895197e-13 | AW26: =(Data_Geotech[[#This Row],[Fracture per interval]]+Data_Geotech[[#This Row],[Added fractures (BC, FLT, LC)]])/Data_Geotech[[#This Row],[TCR (m)]] -> 0.33783784 | AX26: R | AY26: =7-MID(Data_Geotech[[#This Row],[Field Intact Rock Strength]],2,1) -> 2 | AZ26: =VLOOKUP(Data_Geotech[[#This Row],[Field Intact Rock Strength]],Table_FieldStrength[],2,FALSE) -> 100 | BA26: =VLOOKUP(Data_Geotech[[#This Row],[Field Intact Rock Strength]],Table_FieldStrength[],3,FALSE) -> 175 | BB26: =VLOOKUP(Data_Geotech[[#This Row],[Field Intact Rock Strength]],Table_FieldStrength[],4,FALSE) -> 250 | BC26: =100-Data_Geotech[[#This Row],[RMR76]] -> 20 | BD26: =LEFT(Data_Geotech[[#This Row],[Weathering/Alteration]],FIND("-",Data_Geotech[[#This Row],[Weathering/Alteration]])-2) -> W1/A1
A27: COG-25-08 | B27: =VLOOKUP(Data_Geotech[[#This Row],[Hole ID]],Data_Log[],2,FALSE) -> CGF-01 | C27: 89.94 | D27: 92.97 | E27: =(Data_Geotech[[#This Row],[To (m)]]-Data_Geotech[[#This Row],[From (m)]])/2+Data_Geotech[[#This Row],[From (m)]] -> 91.455 | F27: =Data_Geotech[[#This Row],[To (m)]]-Data_Geotech[[#This Row],[From (m)]] -> 3.03 | G27: 3.03 | H27: =Data_Geotech[[#This Row],[TCR (m)]]/Data_Geotech[[#This Row],[Run (m)]]*100 -> 100 | I27: 3.04 | J27: 3.04 | K27: 2.97 | L27: =Data_Geotech[[#This Row],[RQD (m)]]/Data_Geotech[[#This Row],[Run Reel (m)]]*100 -> 97.697368 | M27: Boulamarque granodiorite | O27: W1/A1 - Fresh | P27: R5 - Very strong | Q27: 2 - Moderate | V27: 4 | W27: =SUMIFS(Discontinuities!$D$4:$D$9664,Discontinuities!$A$4:$A$9664,A27,Discontinuities!$C$4:$C$9664,">="&C27,Discontinuities!$C$4:$C$9664,"<"&D27) -SUMIFS(Discontinuities!$D$4:$D$9664,Discontinuities!$A$4:$A$9664,A27,Discontinuities!$C$4:$C$9664,">="&C27,Discontinuities!$C$4:$C$9664,"<"&D27,Discontinuities!$E$4:$E$9664,"=BC") -SUMIFS(Discontinuities!$D$4:$D$9664,Discontinuities!$A$4:$A$9664,A27,Discontinuities!$C$4:$C$9664,">="&C27,Discontinuities!$C$4:$C$9664,"<"&D27,Discontinuities!$E$4:$E$9664,"=LC") -SUMIFS(Discontinuities!$D$4:$D$9664,Discontinuities!$A$4:$A$9664,A27,Discontinuities!$C$4:$C$9664,">="&C27,Discontinuities!$C$4:$C$9664,"<"&D27,Discontinuities!$E$4:$E$9664,"=FLT") -> 4 | X27: 2 - One joint set | AB27: =IFERROR(ROUND((Data_Geotech[[#This Row],[Fault (m)]]+Data_Geotech[[#This Row],[Broken Core (m)]]+Data_Geotech[[#This Row],[Lost Core (m)]])*30,0),0) -> 0 | AC27: =IF(Data_Geotech[[#This Row],[Added fractures (BC, FLT, LC)]]+Data_Geotech[[#This Row],[Fracture per interval]]=0,99,1/((Data_Geotech[[#This Row],[Fracture per interval]]+Data_Geotech[[#This Row],[Added fractures (BC, FLT, LC)]])/Data_Geotech[[#This Row],[Run (m)]])) -> 0.7575 | AD27: {=IFERROR(_xlfn.XLOOKUP(1,(A27=PLT!$A$4:$A$8886)*(Geotech!C27<=PLT!$F$4:$F$8886)*(Geotech!D27>=PLT!$F$4:$F$8886)*("Valid"=PLT!$P$4:$P$8886),PLT!$V$4:$V$8886),"")} -> 0 | AE27: {=IFERROR(_xlfn.XLOOKUP(1,(A27=PLT!$A$4:$A$8886)*(Geotech!C27<=PLT!$F$4:$F$8886)*(Geotech!D27>=PLT!$F$4:$F$8886)*(PLT!$V$4:$V$8886<>AD27)*("Valid"=PLT!$P$4:$P$7190),PLT!$V$4:$V$8886),"")} | AF27: {=IFERROR(_xlfn.XLOOKUP(1,(A27=PLT!$A$4:$A$8886)*(Geotech!C27<=PLT!$F$4:$F$8886)*(Geotech!D27>=PLT!$F$4:$F$8886)*(PLT!$V$4:$V$8886<>AD27)*(PLT!$V$4:$V$8886<>AE27)*("Valid"=PLT!$P$4:$P$7190),PLT!$V$4:$V$8886),"")} | AG27: =IFERROR(IF(AVERAGE(AD27:AF27)>References!$BO$23,References!$BP$23, IF(AVERAGE(AD27:AF27)>References!$BO$22,References!$BP$22, IF(AVERAGE(AD27:AF27)>References!$BO$21,References!$BP$21, IF(AVERAGE(AD27:AF27)>References!$BO$20,References!$BP$20, IF(AVERAGE(AD27:AF27)>References!$BO$19,References!$BP$19, IF(AVERAGE(AD27:AF27)>References!$BO$18,References!$BP$18, 0)))))),"") -> 0 | AH27: =IF(Data_Geotech[[#This Row],[Is50]]="",VLOOKUP(Data_Geotech[[#This Row],[Field Intact Rock Strength]],Table_RMR76_Strength[],2,FALSE),Data_Geotech[[#This Row],[Is50]]) -> 0 | AI27: =IF(Data_Geotech[[#This Row],[RQD (%)]]<=25,3,IF(Data_Geotech[[#This Row],[RQD (%)]]<=50,8,IF(Data_Geotech[[#This Row],[RQD (%)]]<=75,13,IF(Data_Geotech[[#This Row],[RQD (%)]]<=90,17,20)))) -> 20 | AJ27: =IF(Data_Geotech[[#This Row],[Joint spacing (m)]]<=0.05,5,IF(Data_Geotech[[#This Row],[Joint spacing (m)]]<=0.3,10,IF(Data_Geotech[[#This Row],[Joint spacing (m)]]<=1,20,IF(Data_Geotech[[#This Row],[Joint spacing (m)]]<=3,25,30)))) -> 20 | AK27: =IFERROR(AVERAGEIFS(Data_Discontinuities[[#All],[JCR]],Data_Discontinuities[[#All],[Hole ID]],"="&Data_Geotech[[#This Row],[Hole ID]],Data_Discontinuities[[#All],[Depth (m)]],">="&Data_Geotech[[#This Row],[From (m)]],Data_Discontinuities[[#All],[Depth (m)]],"<"&Data_Geotech[[#This Row],[To (m)]]),IF(Data_Geotech[[#This Row],[Added fractures (BC, FLT, LC)]]=0,IF(Data_Geotech[[#This Row],[Fracture per interval]]=0,25,6),6)) -> 18.5 | AL27: 10 | AM27: =IF(Data_Geotech[[#This Row],[FIRS Code]]="R",IFERROR(SUM(Data_Geotech[[#This Row],[RMR76 - Strength rating]:[RMR76 - Ground water rating]]),""),"") -> 68.5 | AN27: =IF(Data_Geotech[[#This Row],[FIRS Code]]="R",(2*Data_Geotech[[#This Row],[RMR76 - Joint condition rating]])+(IF(Data_Geotech[[#This Row],[RQD (%)]]>80,80/2,Data_Geotech[[#This Row],[RQD (%)]]/2)),"") -> 77 | AO27: =LEFT(Data_Geotech[[#This Row],[Joint Set Rating]],FIND("-",Data_Geotech[[#This Row],[Joint Set Rating]],1)-2) -> 2 | AP27: =IFERROR(AVERAGEIFS(Data_Discontinuities[[#All],[Jr/Ja]],Data_Discontinuities[[#All],[Hole ID]],"="&Data_Geotech[[#This Row],[Hole ID]],Data_Discontinuities[[#All],[Depth (m)]],">="&Data_Geotech[[#This Row],[From (m)]],Data_Discontinuities[[#All],[Depth (m)]],"<"&Data_Geotech[[#This Row],[To (m)]]),IF(Data_Geotech[[#This Row],[Added fractures (BC, FLT, LC)]]>Data_Geotech[[#This Row],[Fracture per interval]],1/4,IF(Data_Geotech[[#This Row],[Fracture per interval]]=0,4/0.75,"ERROR: should never happen!"))) -> 1.375 | AQ27: =1/1 -> 1 | AR27: =IF(Data_Geotech[[#This Row],[FIRS Code]]="R",IFERROR((IF(Data_Geotech[[#This Row],[RQD (%)]]<10,10,Data_Geotech[[#This Row],[RQD (%)]])/Data_Geotech[[#This Row],[Jn rating]])*Data_Geotech[[#This Row],[Jr/Ja]],""),"") -> 67.166941 | AS27: =IF(Data_Geotech[[#This Row],[FIRS Code]]="R",IFERROR((IF(Data_Geotech[[#This Row],[RQD (%)]]<10,10,Data_Geotech[[#This Row],[RQD (%)]])/Data_Geotech[[#This Row],[Jn rating]])*Data_Geotech[[#This Row],[Jr/Ja]]*Data_Geotech[[#This Row],[Jw/SRF]],""),"") -> 67.166941 | AU27: =100-Data_Geotech[[#This Row],[RQD (%)]] -> 2.3026316 | AV27: =100-Data_Geotech[[#This Row],[TCR (%)]] -> 0 | AW27: =(Data_Geotech[[#This Row],[Fracture per interval]]+Data_Geotech[[#This Row],[Added fractures (BC, FLT, LC)]])/Data_Geotech[[#This Row],[TCR (m)]] -> 1.320132 | AX27: R | AY27: =7-MID(Data_Geotech[[#This Row],[Field Intact Rock Strength]],2,1) -> 2 | AZ27: =VLOOKUP(Data_Geotech[[#This Row],[Field Intact Rock Strength]],Table_FieldStrength[],2,FALSE) -> 100 | BA27: =VLOOKUP(Data_Geotech[[#This Row],[Field Intact Rock Strength]],Table_FieldStrength[],3,FALSE) -> 175 | BB27: =VLOOKUP(Data_Geotech[[#This Row],[Field Intact Rock Strength]],Table_FieldStrength[],4,FALSE) -> 250 | BC27: =100-Data_Geotech[[#This Row],[RMR76]] -> 31.5 | BD27: =LEFT(Data_Geotech[[#This Row],[Weathering/Alteration]],FIND("-",Data_Geotech[[#This Row],[Weathering/Alteration]])-2) -> W1/A1
A28: COG-25-08 | B28: =VLOOKUP(Data_Geotech[[#This Row],[Hole ID]],Data_Log[],2,FALSE) -> CGF-01 | C28: 92.9 | D28: 95.97 | E28: =(Data_Geotech[[#This Row],[To (m)]]-Data_Geotech[[#This Row],[From (m)]])/2+Data_Geotech[[#This Row],[From (m)]] -> 94.435 | F28: =Data_Geotech[[#This Row],[To (m)]]-Data_Geotech[[#This Row],[From (m)]] -> 3.07 | G28: 3.07 | H28: =Data_Geotech[[#This Row],[TCR (m)]]/Data_Geotech[[#This Row],[Run (m)]]*100 -> 100 | I28: 3.06 | J28: 3.06 | K28: 3.06 | L28: =Data_Geotech[[#This Row],[RQD (m)]]/Data_Geotech[[#This Row],[Run Reel (m)]]*100 -> 100 | M28: Boulamarque granodiorite | O28: W1/A1 - Fresh | P28: R3 - Moderately strong | Q28: 1 - Weak | V28: 4 | W28: =SUMIFS(Discontinuities!$D$4:$D$9664,Discontinuities!$A$4:$A$9664,A28,Discontinuities!$C$4:$C$9664,">="&C28,Discontinuities!$C$4:$C$9664,"<"&D28) -SUMIFS(Discontinuities!$D$4:$D$9664,Discontinuities!$A$4:$A$9664,A28,Discontinuities!$C$4:$C$9664,">="&C28,Discontinuities!$C$4:$C$9664,"<"&D28,Discontinuities!$E$4:$E$9664,"=BC") -SUMIFS(Discontinuities!$D$4:$D$9664,Discontinuities!$A$4:$A$9664,A28,Discontinuities!$C$4:$C$9664,">="&C28,Discontinuities!$C$4:$C$9664,"<"&D28,Discontinuities!$E$4:$E$9664,"=LC") -SUMIFS(Discontinuities!$D$4:$D$9664,Discontinuities!$A$4:$A$9664,A28,Discontinuities!$C$4:$C$9664,">="&C28,Discontinuities!$C$4:$C$9664,"<"&D28,Discontinuities!$E$4:$E$9664,"=FLT") -> 4 | X28: 2 - One joint set | AB28: =IFERROR(ROUND((Data_Geotech[[#This Row],[Fault (m)]]+Data_Geotech[[#This Row],[Broken Core (m)]]+Data_Geotech[[#This Row],[Lost Core (m)]])*30,0),0) -> 0 | AC28: =IF(Data_Geotech[[#This Row],[Added fractures (BC, FLT, LC)]]+Data_Geotech[[#This Row],[Fracture per interval]]=0,99,1/((Data_Geotech[[#This Row],[Fracture per interval]]+Data_Geotech[[#This Row],[Added fractures (BC, FLT, LC)]])/Data_Geotech[[#This Row],[Run (m)]])) -> 0.7675 | AD28: {=IFERROR(_xlfn.XLOOKUP(1,(A28=PLT!$A$4:$A$8886)*(Geotech!C28<=PLT!$F$4:$F$8886)*(Geotech!D28>=PLT!$F$4:$F$8886)*("Valid"=PLT!$P$4:$P$8886),PLT!$V$4:$V$8886),"")} -> 0 | AE28: {=IFERROR(_xlfn.XLOOKUP(1,(A28=PLT!$A$4:$A$8886)*(Geotech!C28<=PLT!$F$4:$F$8886)*(Geotech!D28>=PLT!$F$4:$F$8886)*(PLT!$V$4:$V$8886<>AD28)*("Valid"=PLT!$P$4:$P$7190),PLT!$V$4:$V$8886),"")} | AF28: {=IFERROR(_xlfn.XLOOKUP(1,(A28=PLT!$A$4:$A$8886)*(Geotech!C28<=PLT!$F$4:$F$8886)*(Geotech!D28>=PLT!$F$4:$F$8886)*(PLT!$V$4:$V$8886<>AD28)*(PLT!$V$4:$V$8886<>AE28)*("Valid"=PLT!$P$4:$P$7190),PLT!$V$4:$V$8886),"")} | AG28: =IFERROR(IF(AVERAGE(AD28:AF28)>References!$BO$23,References!$BP$23, IF(AVERAGE(AD28:AF28)>References!$BO$22,References!$BP$22, IF(AVERAGE(AD28:AF28)>References!$BO$21,References!$BP$21, IF(AVERAGE(AD28:AF28)>References!$BO$20,References!$BP$20, IF(AVERAGE(AD28:AF28)>References!$BO$19,References!$BP$19, IF(AVERAGE(AD28:AF28)>References!$BO$18,References!$BP$18, 0)))))),"") -> 0 | AH28: =IF(Data_Geotech[[#This Row],[Is50]]="",VLOOKUP(Data_Geotech[[#This Row],[Field Intact Rock Strength]],Table_RMR76_Strength[],2,FALSE),Data_Geotech[[#This Row],[Is50]]) -> 0 | AI28: =IF(Data_Geotech[[#This Row],[RQD (%)]]<=25,3,IF(Data_Geotech[[#This Row],[RQD (%)]]<=50,8,IF(Data_Geotech[[#This Row],[RQD (%)]]<=75,13,IF(Data_Geotech[[#This Row],[RQD (%)]]<=90,17,20)))) -> 20 | AJ28: =IF(Data_Geotech[[#This Row],[Joint spacing (m)]]<=0.05,5,IF(Data_Geotech[[#This Row],[Joint spacing (m)]]<=0.3,10,IF(Data_Geotech[[#This Row],[Joint spacing (m)]]<=1,20,IF(Data_Geotech[[#This Row],[Joint spacing (m)]]<=3,25,30)))) -> 20 | AK28: =IFERROR(AVERAGEIFS(Data_Discontinuities[[#All],[JCR]],Data_Discontinuities[[#All],[Hole ID]],"="&Data_Geotech[[#This Row],[Hole ID]],Data_Discontinuities[[#All],[Depth (m)]],">="&Data_Geotech[[#This Row],[From (m)]],Data_Discontinuities[[#All],[Depth (m)]],"<"&Data_Geotech[[#This Row],[To (m)]]),IF(Data_Geotech[[#This Row],[Added fractures (BC, FLT, LC)]]=0,IF(Data_Geotech[[#This Row],[Fracture per interval]]=0,25,6),6)) -> 20.5 | AL28: 10 | AM28: =IF(Data_Geotech[[#This Row],[FIRS Code]]="R",IFERROR(SUM(Data_Geotech[[#This Row],[RMR76 - Strength rating]:[RMR76 - Ground water rating]]),""),"") -> 70.5 | AN28: =IF(Data_Geotech[[#This Row],[FIRS Code]]="R",(2*Data_Geotech[[#This Row],[RMR76 - Joint condition rating]])+(IF(Data_Geotech[[#This Row],[RQD (%)]]>80,80/2,Data_Geotech[[#This Row],[RQD (%)]]/2)),"") -> 81 | AO28: =LEFT(Data_Geotech[[#This Row],[Joint Set Rating]],FIND("-",Data_Geotech[[#This Row],[Joint Set Rating]],1)-2) -> 2 | AP28: =IFERROR(AVERAGEIFS(Data_Discontinuities[[#All],[Jr/Ja]],Data_Discontinuities[[#All],[Hole ID]],"="&Data_Geotech[[#This Row],[Hole ID]],Data_Discontinuities[[#All],[Depth (m)]],">="&Data_Geotech[[#This Row],[From (m)]],Data_Discontinuities[[#All],[Depth (m)]],"<"&Data_Geotech[[#This Row],[To (m)]]),IF(Data_Geotech[[#This Row],[Added fractures (BC, FLT, LC)]]>Data_Geotech[[#This Row],[Fracture per interval]],1/4,IF(Data_Geotech[[#This Row],[Fracture per interval]]=0,4/0.75,"ERROR: should never happen!"))) -> 1.375 | AQ28: =1/1 -> 1 | AR28: =IF(Data_Geotech[[#This Row],[FIRS Code]]="R",IFERROR((IF(Data_Geotech[[#This Row],[RQD (%)]]<10,10,Data_Geotech[[#This Row],[RQD (%)]])/Data_Geotech[[#This Row],[Jn rating]])*Data_Geotech[[#This Row],[Jr/Ja]],""),"") -> 68.75 | AS28: =IF(Data_Geotech[[#This Row],[FIRS Code]]="R",IFERROR((IF(Data_Geotech[[#This Row],[RQD (%)]]<10,10,Data_Geotech[[#This Row],[RQD (%)]])/Data_Geotech[[#This Row],[Jn rating]])*Data_Geotech[[#This Row],[Jr/Ja]]*Data_Geotech[[#This Row],[Jw/SRF]],""),"") -> 68.75 | AU28: =100-Data_Geotech[[#This Row],[RQD (%)]] -> 0 | AV28: =100-Data_Geotech[[#This Row],[TCR (%)]] -> -2.2737368e-13 | AW28: =(Data_Geotech[[#This Row],[Fracture per interval]]+Data_Geotech[[#This Row],[Added fractures (BC, FLT, LC)]])/Data_Geotech[[#This Row],[TCR (m)]] -> 1.3029316 | AX28: R | AY28: =7-MID(Data_Geotech[[#This Row],[Field Intact Rock Strength]],2,1) -> 4 | AZ28: =VLOOKUP(Data_Geotech[[#This Row],[Field Intact Rock Strength]],Table_FieldStrength[],2,FALSE) -> 25 | BA28: =VLOOKUP(Data_Geotech[[#This Row],[Field Intact Rock Strength]],Table_FieldStrength[],3,FALSE) -> 37.5 | BB28: =VLOOKUP(Data_Geotech[[#This Row],[Field Intact Rock Strength]],Table_FieldStrength[],4,FALSE) -> 50 | BC28: =100-Data_Geotech[[#This Row],[RMR76]] -> 29.5 | BD28: =LEFT(Data_Geotech[[#This Row],[Weathering/Alteration]],FIND("-",Data_Geotech[[#This Row],[Weathering/Alteration]])-2) -> W1/A1
A29: COG-25-08 | B29: =VLOOKUP(Data_Geotech[[#This Row],[Hole ID]],Data_Log[],2,FALSE) -> CGF-01 | C29: 95.97 | D29: 98.95 | E29: =(Data_Geotech[[#This Row],[To (m)]]-Data_Geotech[[#This Row],[From (m)]])/2+Data_Geotech[[#This Row],[From (m)]] -> 97.46 | F29: =Data_Geotech[[#This Row],[To (m)]]-Data_Geotech[[#This Row],[From (m)]] -> 2.98 | G29: 2.98 | H29: =Data_Geotech[[#This Row],[TCR (m)]]/Data_Geotech[[#This Row],[Run (m)]]*100 -> 100 | I29: 2.96 | J29: 2.96 | K29: 2.96 | L29: =Data_Geotech[[#This Row],[RQD (m)]]/Data_Geotech[[#This Row],[Run Reel (m)]]*100 -> 100 | M29: Boulamarque granodiorite | O29: W1/A1 - Fresh | P29: R5 - Very strong | Q29: 2 - Moderate | V29: 6 | W29: =SUMIFS(Discontinuities!$D$4:$D$9664,Discontinuities!$A$4:$A$9664,A29,Discontinuities!$C$4:$C$9664,">="&C29,Discontinuities!$C$4:$C$9664,"<"&D29) -SUMIFS(Discontinuities!$D$4:$D$9664,Discontinuities!$A$4:$A$9664,A29,Discontinuities!$C$4:$C$9664,">="&C29,Discontinuities!$C$4:$C$9664,"<"&D29,Discontinuities!$E$4:$E$9664,"=BC") -SUMIFS(Discontinuities!$D$4:$D$9664,Discontinuities!$A$4:$A$9664,A29,Discontinuities!$C$4:$C$9664,">="&C29,Discontinuities!$C$4:$C$9664,"<"&D29,Discontinuities!$E$4:$E$9664,"=LC") -SUMIFS(Discontinuities!$D$4:$D$9664,Discontinuities!$A$4:$A$9664,A29,Discontinuities!$C$4:$C$9664,">="&C29,Discontinuities!$C$4:$C$9664,"<"&D29,Discontinuities!$E$4:$E$9664,"=FLT") -> 6 | X29: 4 - Two joint sets | AB29: =IFERROR(ROUND((Data_Geotech[[#This Row],[Fault (m)]]+Data_Geotech[[#This Row],[Broken Core (m)]]+Data_Geotech[[#This Row],[Lost Core (m)]])*30,0),0) -> 0 | AC29: =IF(Data_Geotech[[#This Row],[Added fractures (BC, FLT, LC)]]+Data_Geotech[[#This Row],[Fracture per interval]]=0,99,1/((Data_Geotech[[#This Row],[Fracture per interval]]+Data_Geotech[[#This Row],[Added fractures (BC, FLT, LC)]])/Data_Geotech[[#This Row],[Run (m)]])) -> 0.49666667 | AD29: {=IFERROR(_xlfn.XLOOKUP(1,(A29=PLT!$A$4:$A$8886)*(Geotech!C29<=PLT!$F$4:$F$8886)*(Geotech!D29>=PLT!$F$4:$F$8886)*("Valid"=PLT!$P$4:$P$8886),PLT!$V$4:$V$8886),"")} -> 0 | AE29: {=IFERROR(_xlfn.XLOOKUP(1,(A29=PLT!$A$4:$A$8886)*(Geotech!C29<=PLT!$F$4:$F$8886)*(Geotech!D29>=PLT!$F$4:$F$8886)*(PLT!$V$4:$V$8886<>AD29)*("Valid"=PLT!$P$4:$P$7190),PLT!$V$4:$V$8886),"")} | AF29: {=IFERROR(_xlfn.XLOOKUP(1,(A29=PLT!$A$4:$A$8886)*(Geotech!C29<=PLT!$F$4:$F$8886)*(Geotech!D29>=PLT!$F$4:$F$8886)*(PLT!$V$4:$V$8886<>AD29)*(PLT!$V$4:$V$8886<>AE29)*("Valid"=PLT!$P$4:$P$7190),PLT!$V$4:$V$8886),"")} | AG29: =IFERROR(IF(AVERAGE(AD29:AF29)>References!$BO$23,References!$BP$23, IF(AVERAGE(AD29:AF29)>References!$BO$22,References!$BP$22, IF(AVERAGE(AD29:AF29)>References!$BO$21,References!$BP$21, IF(AVERAGE(AD29:AF29)>References!$BO$20,References!$BP$20, IF(AVERAGE(AD29:AF29)>References!$BO$19,References!$BP$19, IF(AVERAGE(AD29:AF29)>References!$BO$18,References!$BP$18, 0)))))),"") -> 0 | AH29: =IF(Data_Geotech[[#This Row],[Is50]]="",VLOOKUP(Data_Geotech[[#This Row],[Field Intact Rock Strength]],Table_RMR76_Strength[],2,FALSE),Data_Geotech[[#This Row],[Is50]]) -> 0 | AI29: =IF(Data_Geotech[[#This Row],[RQD (%)]]<=25,3,IF(Data_Geotech[[#This Row],[RQD (%)]]<=50,8,IF(Data_Geotech[[#This Row],[RQD (%)]]<=75,13,IF(Data_Geotech[[#This Row],[RQD (%)]]<=90,17,20)))) -> 20 | AJ29: =IF(Data_Geotech[[#This Row],[Joint spacing (m)]]<=0.05,5,IF(Data_Geotech[[#This Row],[Joint spacing (m)]]<=0.3,10,IF(Data_Geotech[[#This Row],[Joint spacing (m)]]<=1,20,IF(Data_Geotech[[#This Row],[Joint spacing (m)]]<=3,25,30)))) -> 20 | AK29: =IFERROR(AVERAGEIFS(Data_Discontinuities[[#All],[JCR]],Data_Discontinuities[[#All],[Hole ID]],"="&Data_Geotech[[#This Row],[Hole ID]],Data_Discontinuities[[#All],[Depth (m)]],">="&Data_Geotech[[#This Row],[From (m)]],Data_Discontinuities[[#All],[Depth (m)]],"<"&Data_Geotech[[#This Row],[To (m)]]),IF(Data_Geotech[[#This Row],[Added fractures (BC, FLT, LC)]]=0,IF(Data_Geotech[[#This Row],[Fracture per interval]]=0,25,6),6)) -> 13.5 | AL29: 10 | AM29: =IF(Data_Geotech[[#This Row],[FIRS Code]]="R",IFERROR(SUM(Data_Geotech[[#This Row],[RMR76 - Strength rating]:[RMR76 - Ground water rating]]),""),"") -> 63.5 | AN29: =IF(Data_Geotech[[#This Row],[FIRS Code]]="R",(2*Data_Geotech[[#This Row],[RMR76 - Joint condition rating]])+(IF(Data_Geotech[[#This Row],[RQD (%)]]>80,80/2,Data_Geotech[[#This Row],[RQD (%)]]/2)),"") -> 67 | AO29: =LEFT(Data_Geotech[[#This Row],[Joint Set Rating]],FIND("-",Data_Geotech[[#This Row],[Joint Set Rating]],1)-2) -> 4 | AP29: =IFERROR(AVERAGEIFS(Data_Discontinuities[[#All],[Jr/Ja]],Data_Discontinuities[[#All],[Hole ID]],"="&Data_Geotech[[#This Row],[Hole ID]],Data_Discontinuities[[#All],[Depth (m)]],">="&Data_Geotech[[#This Row],[From (m)]],Data_Discontinuities[[#All],[Depth (m)]],"<"&Data_Geotech[[#This Row],[To (m)]]),IF(Data_Geotech[[#This Row],[Added fractures (BC, FLT, LC)]]>Data_Geotech[[#This Row],[Fracture per interval]],1/4,IF(Data_Geotech[[#This Row],[Fracture per interval]]=0,4/0.75,"ERROR: should never happen!"))) -> 1.0694444 | AQ29: =1/1 -> 1 | AR29: =IF(Data_Geotech[[#This Row],[FIRS Code]]="R",IFERROR((IF(Data_Geotech[[#This Row],[RQD (%)]]<10,10,Data_Geotech[[#This Row],[RQD (%)]])/Data_Geotech[[#This Row],[Jn rating]])*Data_Geotech[[#This Row],[Jr/Ja]],""),"") -> 26.736111 | AS29: =IF(Data_Geotech[[#This Row],[FIRS Code]]="R",IFERROR((IF(Data_Geotech[[#This Row],[RQD (%)]]<10,10,Data_Geotech[[#This Row],[RQD (%)]])/Data_Geotech[[#This Row],[Jn rating]])*Data_Geotech[[#This Row],[Jr/Ja]]*Data_Geotech[[#This Row],[Jw/SRF]],""),"") -> 26.736111 | AU29: =100-Data_Geotech[[#This Row],[RQD (%)]] -> 0 | AV29: =100-Data_Geotech[[#This Row],[TCR (%)]] -> 1.2789769e-13 | AW29: =(Data_Geotech[[#This Row],[Fracture per interval]]+Data_Geotech[[#This Row],[Added fractures (BC, FLT, LC)]])/Data_Geotech[[#This Row],[TCR (m)]] -> 2.0134228 | AX29: R | AY29: =7-MID(Data_Geotech[[#This Row],[Field Intact Rock Strength]],2,1) -> 2 | AZ29: =VLOOKUP(Data_Geotech[[#This Row],[Field Intact Rock Strength]],Table_FieldStrength[],2,FALSE) -> 100 | BA29: =VLOOKUP(Data_Geotech[[#This Row],[Field Intact Rock Strength]],Table_FieldStrength[],3,FALSE) -> 175 | BB29: =VLOOKUP(Data_Geotech[[#This Row],[Field Intact Rock Strength]],Table_FieldStrength[],4,FALSE) -> 250 | BC29: =100-Data_Geotech[[#This Row],[RMR76]] -> 36.5 | BD29: =LEFT(Data_Geotech[[#This Row],[Weathering/Alteration]],FIND("-",Data_Geotech[[#This Row],[Weathering/Alteration]])-2) -> W1/A1
A30: COG-25-08 | B30: =VLOOKUP(Data_Geotech[[#This Row],[Hole ID]],Data_Log[],2,FALSE) -> CGF-01 | C30: 98.95 | D30: 101.96 | E30: =(Data_Geotech[[#This Row],[To (m)]]-Data_Geotech[[#This Row],[From (m)]])/2+Data_Geotech[[#This Row],[From (m)]] -> 100.455 | F30: =Data_Geotech[[#This Row],[To (m)]]-Data_Geotech[[#This Row],[From (m)]] -> 3.01 | G30: 3.01 | H30: =Data_Geotech[[#This Row],[TCR (m)]]/Data_Geotech[[#This Row],[Run (m)]]*100 -> 100 | I30: 3.01 | J30: 3.01 | K30: 3.01 | L30: =Data_Geotech[[#This Row],[RQD (m)]]/Data_Geotech[[#This Row],[Run Reel (m)]]*100 -> 100 | M30: Boulamarque granodiorite | O30: W1/A1 - Fresh | P30: R5 - Very strong | Q30: 2 - Moderate | V30: 5 | W30: =SUMIFS(Discontinuities!$D$4:$D$9664,Discontinuities!$A$4:$A$9664,A30,Discontinuities!$C$4:$C$9664,">="&C30,Discontinuities!$C$4:$C$9664,"<"&D30) -SUMIFS(Discontinuities!$D$4:$D$9664,Discontinuities!$A$4:$A$9664,A30,Discontinuities!$C$4:$C$9664,">="&C30,Discontinuities!$C$4:$C$9664,"<"&D30,Discontinuities!$E$4:$E$9664,"=BC") -SUMIFS(Discontinuities!$D$4:$D$9664,Discontinuities!$A$4:$A$9664,A30,Discontinuities!$C$4:$C$9664,">="&C30,Discontinuities!$C$4:$C$9664,"<"&D30,Discontinuities!$E$4:$E$9664,"=LC") -SUMIFS(Discontinuities!$D$4:$D$9664,Discontinuities!$A$4:$A$9664,A30,Discontinuities!$C$4:$C$9664,">="&C30,Discontinuities!$C$4:$C$9664,"<"&D30,Discontinuities!$E$4:$E$9664,"=FLT") -> 5 | X30: 4 - Two joint sets | AB30: =IFERROR(ROUND((Data_Geotech[[#This Row],[Fault (m)]]+Data_Geotech[[#This Row],[Broken Core (m)]]+Data_Geotech[[#This Row],[Lost Core (m)]])*30,0),0) -> 0 | AC30: =IF(Data_Geotech[[#This Row],[Added fractures (BC, FLT, LC)]]+Data_Geotech[[#This Row],[Fracture per interval]]=0,99,1/((Data_Geotech[[#This Row],[Fracture per interval]]+Data_Geotech[[#This Row],[Added fractures (BC, FLT, LC)]])/Data_Geotech[[#This Row],[Run (m)]])) -> 0.602 | AD30: {=IFERROR(_xlfn.XLOOKUP(1,(A30=PLT!$A$4:$A$8886)*(Geotech!C30<=PLT!$F$4:$F$8886)*(Geotech!D30>=PLT!$F$4:$F$8886)*("Valid"=PLT!$P$4:$P$8886),PLT!$V$4:$V$8886),"")} | AE30: {=IFERROR(_xlfn.XLOOKUP(1,(A30=PLT!$A$4:$A$8886)*(Geotech!C30<=PLT!$F$4:$F$8886)*(Geotech!D30>=PLT!$F$4:$F$8886)*(PLT!$V$4:$V$8886<>AD30)*("Valid"=PLT!$P$4:$P$7190),PLT!$V$4:$V$8886),"")} | AF30: {=IFERROR(_xlfn.XLOOKUP(1,(A30=PLT!$A$4:$A$8886)*(Geotech!C30<=PLT!$F$4:$F$8886)*(Geotech!D30>=PLT!$F$4:$F$8886)*(PLT!$V$4:$V$8886<>AD30)*(PLT!$V$4:$V$8886<>AE30)*("Valid"=PLT!$P$4:$P$7190),PLT!$V$4:$V$8886),"")} | AG30: =IFERROR(IF(AVERAGE(AD30:AF30)>References!$BO$23,References!$BP$23, IF(AVERAGE(AD30:AF30)>References!$BO$22,References!$BP$22, IF(AVERAGE(AD30:AF30)>References!$BO$21,References!$BP$21, IF(AVERAGE(AD30:AF30)>References!$BO$20,References!$BP$20, IF(AVERAGE(AD30:AF30)>References!$BO$19,References!$BP$19, IF(AVERAGE(AD30:AF30)>References!$BO$18,References!$BP$18, 0)))))),"") | AH30: =IF(Data_Geotech[[#This Row],[Is50]]="",VLOOKUP(Data_Geotech[[#This Row],[Field Intact Rock Strength]],Table_RMR76_Strength[],2,FALSE),Data_Geotech[[#This Row],[Is50]]) -> 12 | AI30: =IF(Data_Geotech[[#This Row],[RQD (%)]]<=25,3,IF(Data_Geotech[[#This Row],[RQD (%)]]<=50,8,IF(Data_Geotech[[#This Row],[RQD (%)]]<=75,13,IF(Data_Geotech[[#This Row],[RQD (%)]]<=90,17,20)))) -> 20 | AJ30: =IF(Data_Geotech[[#This Row],[Joint spacing (m)]]<=0.05,5,IF(Data_Geotech[[#This Row],[Joint spacing (m)]]<=0.3,10,IF(Data_Geotech[[#This Row],[Joint spacing (m)]]<=1,20,IF(Data_Geotech[[#This Row],[Joint spacing (m)]]<=3,25,30)))) -> 20 | AK30: =IFERROR(AVERAGEIFS(Data_Discontinuities[[#All],[JCR]],Data_Discontinuities[[#All],[Hole ID]],"="&Data_Geotech[[#This Row],[Hole ID]],Data_Discontinuities[[#All],[Depth (m)]],">="&Data_Geotech[[#This Row],[From (m)]],Data_Discontinuities[[#All],[Depth (m)]],"<"&Data_Geotech[[#This Row],[To (m)]]),IF(Data_Geotech[[#This Row],[Added fractures (BC, FLT, LC)]]=0,IF(Data_Geotech[[#This Row],[Fracture per interval]]=0,25,6),6)) -> 18.8 | AL30: 10 | AM30: =IF(Data_Geotech[[#This Row],[FIRS Code]]="R",IFERROR(SUM(Data_Geotech[[#This Row],[RMR76 - Strength rating]:[RMR76 - Ground water rating]]),""),"") -> 80.8 | AN30: =IF(Data_Geotech[[#This Row],[FIRS Code]]="R",(2*Data_Geotech[[#This Row],[RMR76 - Joint condition rating]])+(IF(Data_Geotech[[#This Row],[RQD (%)]]>80,80/2,Data_Geotech[[#This Row],[RQD (%)]]/2)),"") -> 77.6 | AO30: =LEFT(Data_Geotech[[#This Row],[Joint Set Rating]],FIND("-",Data_Geotech[[#This Row],[Joint Set Rating]],1)-2) -> 4 | AP30: =IFERROR(AVERAGEIFS(Data_Discontinuities[[#All],[Jr/Ja]],Data_Discontinuities[[#All],[Hole ID]],"="&Data_Geotech[[#This Row],[Hole ID]],Data_Discontinuities[[#All],[Depth (m)]],">="&Data_Geotech[[#This Row],[From (m)]],Data_Discontinuities[[#All],[Depth (m)]],"<"&Data_Geotech[[#This Row],[To (m)]]),IF(Data_Geotech[[#This Row],[Added fractures (BC, FLT, LC)]]>Data_Geotech[[#This Row],[Fracture per interval]],1/4,IF(Data_Geotech[[#This Row],[Fracture per interval]]=0,4/0.75,"ERROR: should never happen!"))) -> 1.8333333 | AQ30: =1/1 -> 1 | AR30: =IF(Data_Geotech[[#This Row],[FIRS Code]]="R",IFERROR((IF(Data_Geotech[[#This Row],[RQD (%)]]<10,10,Data_Geotech[[#This Row],[RQD (%)]])/Data_Geotech[[#This Row],[Jn rating]])*Data_Geotech[[#This Row],[Jr/Ja]],""),"") -> 45.833333 | AS30: =IF(Data_Geotech[[#This Row],[FIRS Code]]="R",IFERROR((IF(Data_Geotech[[#This Row],[RQD (%)]]<10,10,Data_Geotech[[#This Row],[RQD (%)]])/Data_Geotech[[#This Row],[Jn rating]])*Data_Geotech[[#This Row],[Jr/Ja]]*Data_Geotech[[#This Row],[Jw/SRF]],""),"") -> 45.833333 | AU30: =100-Data_Geotech[[#This Row],[RQD (%)]] -> 0 | AV30: =100-Data_Geotech[[#This Row],[TCR (%)]] -> -2.8421709e-13 | AW30: =(Data_Geotech[[#This Row],[Fracture per interval]]+Data_Geotech[[#This Row],[Added fractures (BC, FLT, LC)]])/Data_Geotech[[#This Row],[TCR (m)]] -> 1.6611296 | AX30: R | AY30: =7-MID(Data_Geotech[[#This Row],[Field Intact Rock Strength]],2,1) -> 2 | AZ30: =VLOOKUP(Data_Geotech[[#This Row],[Field Intact Rock Strength]],Table_FieldStrength[],2,FALSE) -> 100 | BA30: =VLOOKUP(Data_Geotech[[#This Row],[Field Intact Rock Strength]],Table_FieldStrength[],3,FALSE) -> 175 | BB30: =VLOOKUP(Data_Geotech[[#This Row],[Field Intact Rock Strength]],Table_FieldStrength[],4,FALSE) -> 250 | BC30: =100-Data_Geotech[[#This Row],[RMR76]] -> 19.2 | BD30: =LEFT(Data_Geotech[[#This Row],[Weathering/Alteration]],FIND("-",Data_Geotech[[#This Row],[Weathering/Alteration]])-2) -> W1/A1
A31: COG-25-08 | B31: =VLOOKUP(Data_Geotech[[#This Row],[Hole ID]],Data_Log[],2,FALSE) -> CGF-01 | C31: 101.96 | D31: 104.96 | E31: =(Data_Geotech[[#This Row],[To (m)]]-Data_Geotech[[#This Row],[From (m)]])/2+Data_Geotech[[#This Row],[From (m)]] -> 103.46 | F31: =Data_Geotech[[#This Row],[To (m)]]-Data_Geotech[[#This Row],[From (m)]] -> 3 | G31: 3 | H31: =Data_Geotech[[#This Row],[TCR (m)]]/Data_Geotech[[#This Row],[Run (m)]]*100 -> 100 | I31: 3.05 | J31: 3.05 | K31: 2.97 | L31: =Data_Geotech[[#This Row],[RQD (m)]]/Data_Geotech[[#This Row],[Run Reel (m)]]*100 -> 97.377049 | M31: Boulamarque granodiorite | O31: W1/A1 - Fresh | P31: R3 - Moderately strong | Q31: 1 - Weak | V31: 8 | W31: =SUMIFS(Discontinuities!$D$4:$D$9664,Discontinuities!$A$4:$A$9664,A31,Discontinuities!$C$4:$C$9664,">="&C31,Discontinuities!$C$4:$C$9664,"<"&D31) -SUMIFS(Discontinuities!$D$4:$D$9664,Discontinuities!$A$4:$A$9664,A31,Discontinuities!$C$4:$C$9664,">="&C31,Discontinuities!$C$4:$C$9664,"<"&D31,Discontinuities!$E$4:$E$9664,"=BC") -SUMIFS(Discontinuities!$D$4:$D$9664,Discontinuities!$A$4:$A$9664,A31,Discontinuities!$C$4:$C$9664,">="&C31,Discontinuities!$C$4:$C$9664,"<"&D31,Discontinuities!$E$4:$E$9664,"=LC") -SUMIFS(Discontinuities!$D$4:$D$9664,Discontinuities!$A$4:$A$9664,A31,Discontinuities!$C$4:$C$9664,">="&C31,Discontinuities!$C$4:$C$9664,"<"&D31,Discontinuities!$E$4:$E$9664,"=FLT") -> 8 | X31: 4 - Two joint sets | AB31: =IFERROR(ROUND((Data_Geotech[[#This Row],[Fault (m)]]+Data_Geotech[[#This Row],[Broken Core (m)]]+Data_Geotech[[#This Row],[Lost Core (m)]])*30,0),0) -> 0 | AC31: =IF(Data_Geotech[[#This Row],[Added fractures (BC, FLT, LC)]]+Data_Geotech[[#This Row],[Fracture per interval]]=0,99,1/((Data_Geotech[[#This Row],[Fracture per interval]]+Data_Geotech[[#This Row],[Added fractures (BC, FLT, LC)]])/Data_Geotech[[#This Row],[Run (m)]])) -> 0.375 | AD31: {=IFERROR(_xlfn.XLOOKUP(1,(A31=PLT!$A$4:$A$8886)*(Geotech!C31<=PLT!$F$4:$F$8886)*(Geotech!D31>=PLT!$F$4:$F$8886)*("Valid"=PLT!$P$4:$P$8886),PLT!$V$4:$V$8886),"")} -> 0 | AE31: {=IFERROR(_xlfn.XLOOKUP(1,(A31=PLT!$A$4:$A$8886)*(Geotech!C31<=PLT!$F$4:$F$8886)*(Geotech!D31>=PLT!$F$4:$F$8886)*(PLT!$V$4:$V$8886<>AD31)*("Valid"=PLT!$P$4:$P$7190),PLT!$V$4:$V$8886),"")} | AF31: {=IFERROR(_xlfn.XLOOKUP(1,(A31=PLT!$A$4:$A$8886)*(Geotech!C31<=PLT!$F$4:$F$8886)*(Geotech!D31>=PLT!$F$4:$F$8886)*(PLT!$V$4:$V$8886<>AD31)*(PLT!$V$4:$V$8886<>AE31)*("Valid"=PLT!$P$4:$P$7190),PLT!$V$4:$V$8886),"")} | AG31: =IFERROR(IF(AVERAGE(AD31:AF31)>References!$BO$23,References!$BP$23, IF(AVERAGE(AD31:AF31)>References!$BO$22,References!$BP$22, IF(AVERAGE(AD31:AF31)>References!$BO$21,References!$BP$21, IF(AVERAGE(AD31:AF31)>References!$BO$20,References!$BP$20, IF(AVERAGE(AD31:AF31)>References!$BO$19,References!$BP$19, IF(AVERAGE(AD31:AF31)>References!$BO$18,References!$BP$18, 0)))))),"") -> 0 | AH31: =IF(Data_Geotech[[#This Row],[Is50]]="",VLOOKUP(Data_Geotech[[#This Row],[Field Intact Rock Strength]],Table_RMR76_Strength[],2,FALSE),Data_Geotech[[#This Row],[Is50]]) -> 0 | AI31: =IF(Data_Geotech[[#This Row],[RQD (%)]]<=25,3,IF(Data_Geotech[[#This Row],[RQD (%)]]<=50,8,IF(Data_Geotech[[#This Row],[RQD (%)]]<=75,13,IF(Data_Geotech[[#This Row],[RQD (%)]]<=90,17,20)))) -> 20 | AJ31: =IF(Data_Geotech[[#This Row],[Joint spacing (m)]]<=0.05,5,IF(Data_Geotech[[#This Row],[Joint spacing (m)]]<=0.3,10,IF(Data_Geotech[[#This Row],[Joint spacing (m)]]<=1,20,IF(Data_Geotech[[#This Row],[Joint spacing (m)]]<=3,25,30)))) -> 20 | AK31: =IFERROR(AVERAGEIFS(Data_Discontinuities[[#All],[JCR]],Data_Discontinuities[[#All],[Hole ID]],"="&Data_Geotech[[#This Row],[Hole ID]],Data_Discontinuities[[#All],[Depth (m)]],">="&Data_Geotech[[#This Row],[From (m)]],Data_Discontinuities[[#All],[Depth (m)]],"<"&Data_Geotech[[#This Row],[To (m)]]),IF(Data_Geotech[[#This Row],[Added fractures (BC, FLT, LC)]]=0,IF(Data_Geotech[[#This Row],[Fracture per interval]]=0,25,6),6)) -> 21.5 | AL31: 10 | AM31: =IF(Data_Geotech[[#This Row],[FIRS Code]]="R",IFERROR(SUM(Data_Geotech[[#This Row],[RMR76 - Strength rating]:[RMR76 - Ground water rating]]),""),"") -> 71.5 | AN31: =IF(Data_Geotech[[#This Row],[FIRS Code]]="R",(2*Data_Geotech[[#This Row],[RMR76 - Joint condition rating]])+(IF(Data_Geotech[[#This Row],[RQD (%)]]>80,80/2,Data_Geotech[[#This Row],[RQD (%)]]/2)),"") -> 83 | AO31: =LEFT(Data_Geotech[[#This Row],[Joint Set Rating]],FIND("-",Data_Geotech[[#This Row],[Joint Set Rating]],1)-2) -> 4 | AP31: =IFERROR(AVERAGEIFS(Data_Discontinuities[[#All],[Jr/Ja]],Data_Discontinuities[[#All],[Hole ID]],"="&Data_Geotech[[#This Row],[Hole ID]],Data_Discontinuities[[#All],[Depth (m)]],">="&Data_Geotech[[#This Row],[From (m)]],Data_Discontinuities[[#All],[Depth (m)]],"<"&Data_Geotech[[#This Row],[To (m)]]),IF(Data_Geotech[[#This Row],[Added fractures (BC, FLT, LC)]]>Data_Geotech[[#This Row],[Fracture per interval]],1/4,IF(Data_Geotech[[#This Row],[Fracture per interval]]=0,4/0.75,"ERROR: should never happen!"))) -> 1.6041667 | AQ31: =1/1 -> 1 | AR31: =IF(Data_Geotech[[#This Row],[FIRS Code]]="R",IFERROR((IF(Data_Geotech[[#This Row],[RQD (%)]]<10,10,Data_Geotech[[#This Row],[RQD (%)]])/Data_Geotech[[#This Row],[Jn rating]])*Data_Geotech[[#This Row],[Jr/Ja]],""),"") -> 39.052254 | AS31: =IF(Data_Geotech[[#This Row],[FIRS Code]]="R",IFERROR((IF(Data_Geotech[[#This Row],[RQD (%)]]<10,10,Data_Geotech[[#This Row],[RQD (%)]])/Data_Geotech[[#This Row],[Jn rating]])*Data_Geotech[[#This Row],[Jr/Ja]]*Data_Geotech[[#This Row],[Jw/SRF]],""),"") -> 39.052254 | AU31: =100-Data_Geotech[[#This Row],[RQD (%)]] -> 2.6229508 | AV31: =100-Data_Geotech[[#This Row],[TCR (%)]] -> 0 | AW31: =(Data_Geotech[[#This Row],[Fracture per interval]]+Data_Geotech[[#This Row],[Added fractures (BC, FLT, LC)]])/Data_Geotech[[#This Row],[TCR (m)]] -> 2.6666667 | AX31: R | AY31: =7-MID(Data_Geotech[[#This Row],[Field Intact Rock Strength]],2,1) -> 4 | AZ31: =VLOOKUP(Data_Geotech[[#This Row],[Field Intact Rock Strength]],Table_FieldStrength[],2,FALSE) -> 25 | BA31: =VLOOKUP(Data_Geotech[[#This Row],[Field Intact Rock Strength]],Table_FieldStrength[],3,FALSE) -> 37.5 | BB31: =VLOOKUP(Data_Geotech[[#This Row],[Field Intact Rock Strength]],Table_FieldStrength[],4,FALSE) -> 50 | BC31: =100-Data_Geotech[[#This Row],[RMR76]] -> 28.5 | BD31: =LEFT(Data_Geotech[[#This Row],[Weathering/Alteration]],FIND("-",Data_Geotech[[#This Row],[Weathering/Alteration]])-2) -> W1/A1
A32: COG-25-08 | B32: =VLOOKUP(Data_Geotech[[#This Row],[Hole ID]],Data_Log[],2,FALSE) -> CGF-01 | C32: 104.96 | D32: 108 | E32: =(Data_Geotech[[#This Row],[To (m)]]-Data_Geotech[[#This Row],[From (m)]])/2+Data_Geotech[[#This Row],[From (m)]] -> 106.48 | F32: =Data_Geotech[[#This Row],[To (m)]]-Data_Geotech[[#This Row],[From (m)]] -> 3.04 | G32: 3.04 | H32: =Data_Geotech[[#This Row],[TCR (m)]]/Data_Geotech[[#This Row],[Run (m)]]*100 -> 100 | I32: 3.04 | J32: 3.04 | K32: 3.04 | L32: =Data_Geotech[[#This Row],[RQD (m)]]/Data_Geotech[[#This Row],[Run Reel (m)]]*100 -> 100 | M32: Boulamarque granodiorite | O32: W1/A1 - Fresh | P32: R5 - Very strong | Q32: 1 - Weak | V32: 4 | W32: =SUMIFS(Discontinuities!$D$4:$D$9664,Discontinuities!$A$4:$A$9664,A32,Discontinuities!$C$4:$C$9664,">="&C32,Discontinuities!$C$4:$C$9664,"<"&D32) -SUMIFS(Discontinuities!$D$4:$D$9664,Discontinuities!$A$4:$A$9664,A32,Discontinuities!$C$4:$C$9664,">="&C32,Discontinuities!$C$4:$C$9664,"<"&D32,Discontinuities!$E$4:$E$9664,"=BC") -SUMIFS(Discontinuities!$D$4:$D$9664,Discontinuities!$A$4:$A$9664,A32,Discontinuities!$C$4:$C$9664,">="&C32,Discontinuities!$C$4:$C$9664,"<"&D32,Discontinuities!$E$4:$E$9664,"=LC") -SUMIFS(Discontinuities!$D$4:$D$9664,Discontinuities!$A$4:$A$9664,A32,Discontinuities!$C$4:$C$9664,">="&C32,Discontinuities!$C$4:$C$9664,"<"&D32,Discontinuities!$E$4:$E$9664,"=FLT") -> 4 | X32: 3 - One joint set plus random joint (s) | AB32: =IFERROR(ROUND((Data_Geotech[[#This Row],[Fault (m)]]+Data_Geotech[[#This Row],[Broken Core (m)]]+Data_Geotech[[#This Row],[Lost Core (m)]])*30,0),0) -> 0 | AC32: =IF(Data_Geotech[[#This Row],[Added fractures (BC, FLT, LC)]]+Data_Geotech[[#This Row],[Fracture per interval]]=0,99,1/((Data_Geotech[[#This Row],[Fracture per interval]]+Data_Geotech[[#This Row],[Added fractures (BC, FLT, LC)]])/Data_Geotech[[#This Row],[Run (m)]])) -> 0.76 | AD32: {=IFERROR(_xlfn.XLOOKUP(1,(A32=PLT!$A$4:$A$8886)*(Geotech!C32<=PLT!$F$4:$F$8886)*(Geotech!D32>=PLT!$F$4:$F$8886)*("Valid"=PLT!$P$4:$P$8886),PLT!$V$4:$V$8886),"")} -> 0 | AE32: {=IFERROR(_xlfn.XLOOKUP(1,(A32=PLT!$A$4:$A$8886)*(Geotech!C32<=PLT!$F$4:$F$8886)*(Geotech!D32>=PLT!$F$4:$F$8886)*(PLT!$V$4:$V$8886<>AD32)*("Valid"=PLT!$P$4:$P$7190),PLT!$V$4:$V$8886),"")} | AF32: {=IFERROR(_xlfn.XLOOKUP(1,(A32=PLT!$A$4:$A$8886)*(Geotech!C32<=PLT!$F$4:$F$8886)*(Geotech!D32>=PLT!$F$4:$F$8886)*(PLT!$V$4:$V$8886<>AD32)*(PLT!$V$4:$V$8886<>AE32)*("Valid"=PLT!$P$4:$P$7190),PLT!$V$4:$V$8886),"")} | AG32: =IFERROR(IF(AVERAGE(AD32:AF32)>References!$BO$23,References!$BP$23, IF(AVERAGE(AD32:AF32)>References!$BO$22,References!$BP$22, IF(AVERAGE(AD32:AF32)>References!$BO$21,References!$BP$21, IF(AVERAGE(AD32:AF32)>References!$BO$20,References!$BP$20, IF(AVERAGE(AD32:AF32)>References!$BO$19,References!$BP$19, IF(AVERAGE(AD32:AF32)>References!$BO$18,References!$BP$18, 0)))))),"") -> 0 | AH32: =IF(Data_Geotech[[#This Row],[Is50]]="",VLOOKUP(Data_Geotech[[#This Row],[Field Intact Rock Strength]],Table_RMR76_Strength[],2,FALSE),Data_Geotech[[#This Row],[Is50]]) -> 0 | AI32: =IF(Data_Geotech[[#This Row],[RQD (%)]]<=25,3,IF(Data_Geotech[[#This Row],[RQD (%)]]<=50,8,IF(Data_Geotech[[#This Row],[RQD (%)]]<=75,13,IF(Data_Geotech[[#This Row],[RQD (%)]]<=90,17,20)))) -> 20 | AJ32: =IF(Data_Geotech[[#This Row],[Joint spacing (m)]]<=0.05,5,IF(Data_Geotech[[#This Row],[Joint spacing (m)]]<=0.3,10,IF(Data_Geotech[[#This Row],[Joint spacing (m)]]<=1,20,IF(Data_Geotech[[#This Row],[Joint spacing (m)]]<=3,25,30)))) -> 20 | AK32: =IFERROR(AVERAGEIFS(Data_Discontinuities[[#All],[JCR]],Data_Discontinuities[[#All],[Hole ID]],"="&Data_Geotech[[#This Row],[Hole ID]],Data_Discontinuities[[#All],[Depth (m)]],">="&Data_Geotech[[#This Row],[From (m)]],Data_Discontinuities[[#All],[Depth (m)]],"<"&Data_Geotech[[#This Row],[To (m)]]),IF(Data_Geotech[[#This Row],[Added fractures (BC, FLT, LC)]]=0,IF(Data_Geotech[[#This Row],[Fracture per interval]]=0,25,6),6)) -> 21.25 | AL32: 10 | AM32: =IF(Data_Geotech[[#This Row],[FIRS Code]]="R",IFERROR(SUM(Data_Geotech[[#This Row],[RMR76 - Strength rating]:[RMR76 - Ground water rating]]),""),"") -> 71.25 | AN32: =IF(Data_Geotech[[#This Row],[FIRS Code]]="R",(2*Data_Geotech[[#This Row],[RMR76 - Joint condition rating]])+(IF(Data_Geotech[[#This Row],[RQD (%)]]>80,80/2,Data_Geotech[[#This Row],[RQD (%)]]/2)),"") -> 82.5 | AO32: =LEFT(Data_Geotech[[#This Row],[Joint Set Rating]],FIND("-",Data_Geotech[[#This Row],[Joint Set Rating]],1)-2) -> 3 | AP32: =IFERROR(AVERAGEIFS(Data_Discontinuities[[#All],[Jr/Ja]],Data_Discontinuities[[#All],[Hole ID]],"="&Data_Geotech[[#This Row],[Hole ID]],Data_Discontinuities[[#All],[Depth (m)]],">="&Data_Geotech[[#This Row],[From (m)]],Data_Discontinuities[[#All],[Depth (m)]],"<"&Data_Geotech[[#This Row],[To (m)]]),IF(Data_Geotech[[#This Row],[Added fractures (BC, FLT, LC)]]>Data_Geotech[[#This Row],[Fracture per interval]],1/4,IF(Data_Geotech[[#This Row],[Fracture per interval]]=0,4/0.75,"ERROR: should never happen!"))) -> 1.5625 | AQ32: =1/1 -> 1 | AR32: =IF(Data_Geotech[[#This Row],[FIRS Code]]="R",IFERROR((IF(Data_Geotech[[#This Row],[RQD (%)]]<10,10,Data_Geotech[[#This Row],[RQD (%)]])/Data_Geotech[[#This Row],[Jn rating]])*Data_Geotech[[#This Row],[Jr/Ja]],""),"") -> 52.083333 | AS32: =IF(Data_Geotech[[#This Row],[FIRS Code]]="R",IFERROR((IF(Data_Geotech[[#This Row],[RQD (%)]]<10,10,Data_Geotech[[#This Row],[RQD (%)]])/Data_Geotech[[#This Row],[Jn rating]])*Data_Geotech[[#This Row],[Jr/Ja]]*Data_Geotech[[#This Row],[Jw/SRF]],""),"") -> 52.083333 | AU32: =100-Data_Geotech[[#This Row],[RQD (%)]] -> 0 | AV32: =100-Data_Geotech[[#This Row],[TCR (%)]] -> 1.9895197e-13 | AW32: =(Data_Geotech[[#This Row],[Fracture per interval]]+Data_Geotech[[#This Row],[Added fractures (BC, FLT, LC)]])/Data_Geotech[[#This Row],[TCR (m)]] -> 1.3157895 | AX32: R | AY32: =7-MID(Data_Geotech[[#This Row],[Field Intact Rock Strength]],2,1) -> 2 | AZ32: =VLOOKUP(Data_Geotech[[#This Row],[Field Intact Rock Strength]],Table_FieldStrength[],2,FALSE) -> 100 | BA32: =VLOOKUP(Data_Geotech[[#This Row],[Field Intact Rock Strength]],Table_FieldStrength[],3,FALSE) -> 175 | BB32: =VLOOKUP(Data_Geotech[[#This Row],[Field Intact Rock Strength]],Table_FieldStrength[],4,FALSE) -> 250 | BC32: =100-Data_Geotech[[#This Row],[RMR76]] -> 28.75 | BD32: =LEFT(Data_Geotech[[#This Row],[Weathering/Alteration]],FIND("-",Data_Geotech[[#This Row],[Weathering/Alteration]])-2) -> W1/A1
